date,positions,capital_deployed_frac,cash_frac,net_day_return,gross_day_return,net_equity,gross_equity
2024-01-12,1,0.05,0.95,0.00287793015,0.00297793015,10028.779302,10029.779302
2024-01-13,8,0.4,0.6,-0.00202548448,-0.00122548448,10008.466165,10017.487963
2024-01-14,7,0.35,0.65,4.8871229e-05,0.000748871229,10008.955291,10024.989771
2024-01-15,3,0.15,0.85,0.003284760619,0.003584760619,10041.832313,10060.92696
2024-01-16,8,0.4,0.6,-0.007642574241,-0.006842574241,9965.086864,9992.08432
2024-01-17,1,0.05,0.95,-0.00742793997,-0.00732793997,9891.066797,9918.862926
2024-01-18,0,0.0,1.0,0.0,0.0,9891.066797,9918.862926
2024-01-19,1,0.05,0.95,0.000399785806,0.000499785806,9895.021105,9923.820233
2024-01-20,7,0.35,0.65,0.004935465889,0.005635465889,9943.857644,9979.745583
2024-01-21,3,0.15,0.85,-0.004793592374,-0.004493592374,9896.190844,9934.900675
2024-01-22,1,0.05,0.95,0.006173062731,0.006273062731,9957.280651,9997.22293
2024-01-23,2,0.1,0.9,0.004396410485,0.004596410485,10001.056944,10043.17427
2024-01-24,16,0.8,0.2,-0.010790925521,-0.009190925521,9893.136283,9950.868203
2024-01-25,4,0.2,0.8,0.008638840072,0.009038840072,9978.601505,10040.81251
2024-01-26,20,1.0,0.0,-0.002966700586,-0.000966700586,9948.997983,10031.10605
2024-01-27,4,0.2,0.8,-0.001821895278,-0.001421895278,9930.87195,10016.842868
2024-01-28,0,0.0,1.0,0.0,0.0,9930.87195,10016.842868
2024-01-29,20,1.0,0.0,0.017492467725,0.019492467725,10104.587407,10212.095854
2024-01-30,11,0.55,0.45,-0.023750507337,-0.022650507337,9864.59833,9980.786702
2024-01-31,3,0.15,0.85,-0.006223398955,-0.005923398955,9803.206999,9921.666521
2024-02-01,7,0.35,0.65,0.006036976915,0.006736976915,9862.388733,9988.508559
2024-02-02,1,0.05,0.95,-0.002513366337,-0.002413366337,9837.600937,9964.402629
2024-02-03,6,0.3,0.7,-0.004535850333,-0.003935850333,9792.979052,9925.184231
2024-02-04,6,0.3,0.7,0.001195967305,0.001795967305,9804.691135,9943.009538
2024-02-05,0,0.0,1.0,0.0,0.0,9804.691135,9943.009538
2024-02-06,9,0.45,0.55,0.0042313394,0.0051313394,9846.178111,9994.030494
2024-02-07,20,1.0,0.0,0.013025968263,0.015025968263,9974.434114,10144.200479
2024-02-08,1,0.05,0.95,-0.000422887366,-0.000322887366,9970.216052,10140.925045
2024-02-09,19,0.95,0.05,-0.007639801927,-0.005739801927,9894.045576,10082.718144
2024-02-10,2,0.1,0.9,-0.001973386562,-0.001773386562,9874.5208,10064.837587
2024-02-11,2,0.1,0.9,0.004047820796,0.004247820796,9914.49109,10107.591214
2024-02-12,20,1.0,0.0,-0.018347844179,-0.016347844179,9732.581553,9942.353887
2024-02-13,0,0.0,1.0,0.0,0.0,9732.581553,9942.353887
2024-02-14,4,0.2,0.8,0.003743564559,0.004143564559,9769.0161,9983.550673
2024-02-15,1,0.05,0.95,0.000405940974,0.000505940974,9772.981744,9988.60176
2024-02-16,0,0.0,1.0,0.0,0.0,9772.981744,9988.60176
2024-02-17,2,0.1,0.9,-0.000453535152,-0.000253535152,9768.549353,9986.069298
2024-02-18,20,1.0,0.0,0.004801003231,0.006801003231,9815.44819,10053.984588
2024-02-19,7,0.35,0.65,-0.007121775027,-0.006421775027,9745.544776,9989.420161
2024-02-20,1,0.05,0.95,0.000214465409,0.000314465409,9747.634859,9992.561488
2024-02-21,0,0.0,1.0,0.0,0.0,9747.634859,9992.561488
2024-02-22,15,0.75,0.25,0.006828818543,0.008328818543,9814.199688,10075.787719
2024-02-23,4,0.2,0.8,0.007874328647,0.008274328647,9891.479922,10159.158098
2024-02-24,20,1.0,0.0,0.000487098463,0.002487098463,9896.298047,10184.424925
2024-02-25,7,0.35,0.65,0.022155765936,0.022855765936,10115.55811,10417.197757
2024-02-26,20,1.0,0.0,0.007425313579,0.009425313579,10190.669301,10515.383112
2024-02-27,9,0.45,0.55,-0.002433639601,-0.001533639601,10165.868884,10499.256304
2024-02-28,3,0.15,0.85,0.001424330438,0.001724330438,10180.348441,10517.360492
2024-02-29,2,0.1,0.9,-0.00318192496,-0.00298192496,10147.955336,10485.998512
2024-03-01,13,0.65,0.35,0.033653920042,0.034953920042,10489.473814,10852.525265
2024-03-02,7,0.35,0.65,0.013205622906,0.013905622906,10627.993849,11003.436389
2024-03-03,6,0.3,0.7,0.003417297963,0.004017297963,10664.312871,11047.640472
2024-03-04,1,0.05,0.95,-0.001388956388,-0.001288956388,10649.500606,11033.400545
2024-03-05,3,0.15,0.85,0.007755083899,0.008055083899,10732.088376,11122.275512
2024-03-06,20,1.0,0.0,0.047161171456,0.049161171456,11238.226236,11669.059606
2024-03-07,13,0.65,0.35,0.00402164383,0.00532164383,11283.422379,11731.158185
2024-03-08,1,0.05,0.95,0.00026519675,0.00036519675,11286.414706,11735.442366
2024-03-09,6,0.3,0.7,-0.003015554715,-0.002415554715,11252.379905,11707.094762
2024-03-10,2,0.1,0.9,0.005149991826,0.005349991826,11310.32957,11769.727624
2024-03-11,13,0.65,0.35,-0.011596791347,-0.010296791347,11179.166038,11648.537194
2024-03-12,3,0.15,0.85,-0.000882583453,-0.000582583453,11169.299491,11641.750949
2024-03-13,3,0.15,0.85,0.001569593333,0.001869593333,11186.830749,11663.516289
2024-03-14,0,0.0,1.0,0.0,0.0,11186.830749,11663.516289
2024-03-15,3,0.15,0.85,-0.002024083908,-0.001724083908,11164.187665,11643.407408
2024-03-16,0,0.0,1.0,0.0,0.0,11164.187665,11643.407408
2024-03-17,20,1.0,0.0,-0.047042280359,-0.045042280359,10638.998819,11118.961788
2024-03-18,0,0.0,1.0,0.0,0.0,10638.998819,11118.961788
2024-03-19,7,0.35,0.65,-0.015948759726,-0.015248759726,10469.319983,10949.411411
2024-03-20,4,0.2,0.8,0.008521000569,0.008921000569,10558.529064,11047.091116
2024-03-21,5,0.25,0.75,-0.004381274786,-0.003881274786,10512.269247,11004.21432
2024-03-22,2,0.1,0.9,-0.002050537418,-0.001850537418,10490.713446,10983.85061
2024-03-23,20,1.0,0.0,-0.007497946033,-0.005497946033,10412.054642,10923.461992
2024-03-24,1,0.05,0.95,0.000496432553,0.000596432553,10417.223525,10929.9771
2024-03-25,20,1.0,0.0,-0.003450455392,-0.001450455392,10381.27936,10914.123656
2024-03-26,2,0.1,0.9,0.002849496377,0.003049496377,10410.860778,10947.406237
2024-03-27,1,0.05,0.95,-0.003949539074,-0.003849539074,10369.742677,10905.263768
2024-03-28,5,0.25,0.75,0.000503543967,0.001003543967,10374.964298,10916.20768
2024-03-29,1,0.05,0.95,-0.001724480544,-0.001624480544,10357.072874,10898.474513
2024-03-30,2,0.1,0.9,-0.000794053176,-0.000594053176,10348.848807,10892.00024
2024-03-31,8,0.4,0.6,-0.023902753359,-0.023102753359,10101.482827,10640.365045
2024-04-01,0,0.0,1.0,0.0,0.0,10101.482827,10640.365045
2024-04-02,1,0.05,0.95,-0.004367091813,-0.004267091813,10057.368724,10594.96163
2024-04-03,0,0.0,1.0,0.0,0.0,10057.368724,10594.96163
2024-04-04,20,1.0,0.0,-0.047864667081,-0.045864667081,9575.976118,10109.027242
2024-04-05,1,0.05,0.95,-0.002462042996,-0.002362042996,9552.399653,10085.149285
2024-04-06,14,0.7,0.3,0.00967723425,0.01107723425,9644.840462,10196.864846
2024-04-07,2,0.1,0.9,0.005285876043,0.005485876043,9695.821893,10252.803583
2024-04-08,18,0.9,0.1,-0.028419091579,-0.026619091579,9420.275443,9979.883265
2024-04-09,1,0.05,0.95,-0.002043919658,-0.001943919658,9401.021157,9960.483174
2024-04-10,5,0.25,0.75,-0.009989682111,-0.009489682111,9307.107944,9865.961355
2024-04-11,1,0.05,0.95,-0.003364663805,-0.003264663805,9275.792655,9833.752308
2024-04-12,0,0.0,1.0,0.0,0.0,9275.792655,9833.752308
2024-04-13,0,0.0,1.0,0.0,0.0,9275.792655,9833.752308
2024-04-14,6,0.3,0.7,0.002801432155,0.003401432155,9301.778159,9867.201149
2024-04-15,0,0.0,1.0,0.0,0.0,9301.778159,9867.201149
2024-04-16,2,0.1,0.9,0.001100429664,0.001300429664,9312.014111,9880.03275
2024-04-17,3,0.15,0.85,-0.004377682952,-0.004077682952,9271.249066,9839.745109
2024-04-18,0,0.0,1.0,0.0,0.0,9271.249066,9839.745109
2024-04-19,20,1.0,0.0,0.055421064338,0.057421064338,9785.071557,10404.753746
2024-04-20,20,1.0,0.0,-0.020482776937,-0.018482776937,9584.646119,10212.445004
2024-04-21,0,0.0,1.0,0.0,0.0,9584.646119,10212.445004
2024-04-22,17,0.85,0.15,-0.006303886847,-0.004603886847,9524.225594,10165.428063
2024-04-23,4,0.2,0.8,-0.00663549449,-0.00623549449,9461.027648,10102.041592
2024-04-24,2,0.1,0.9,-0.000487203974,-0.000287203974,9456.418197,10099.140245
2024-04-25,13,0.65,0.35,-0.01724770864,-0.01594770864,9293.316652,9938.082099
2024-04-26,2,0.1,0.9,0.000929554892,0.001129554892,9301.9553,9949.307708
2024-04-27,20,1.0,0.0,0.007855591154,0.009855591154,9375.027657,10047.364018
2024-04-28,7,0.35,0.65,-0.01368841152,-0.01298841152,9246.698421,9916.864719
2024-04-29,2,0.1,0.9,-0.009480876778,-0.009280876778,9159.031612,9824.827519
2024-04-30,0,0.0,1.0,0.0,0.0,9159.031612,9824.827519
2024-05-01,6,0.3,0.7,0.01496986831,0.01556986831,9296.141109,9977.79879
2024-05-02,20,1.0,0.0,0.030755495295,0.032755495295,9582.048534,10304.626531
2024-05-03,20,1.0,0.0,0.01352276398,0.01552276398,9711.624314,10464.582817
2024-05-04,3,0.15,0.85,0.001643024224,0.001943024224,9727.580748,10484.915755
2024-05-05,13,0.65,0.35,-0.010372547631,-0.009072547631,9626.680954,10389.790857
2024-05-06,0,0.0,1.0,0.0,0.0,9626.680954,10389.790857
2024-05-07,4,0.2,0.8,-0.000996072009,-0.000596072009,9617.092086,10383.597794
2024-05-08,2,0.1,0.9,0.004375544751,0.004575544751,9659.172103,10431.10841
2024-05-09,6,0.3,0.7,-0.001437178612,-0.000837178612,9645.290148,10422.375709
2024-05-10,1,0.05,0.95,-0.00053956044,-0.00043956044,9640.085931,10417.794445
2024-05-11,2,0.1,0.9,-0.000887896639,-0.000687896639,9631.526531,10410.628079
2024-05-12,5,0.25,0.75,-0.006734116157,-0.006234116157,9566.666712,10345.727015
2024-05-13,2,0.1,0.9,-0.001962782572,-0.001762782572,9547.889426,10327.489747
2024-05-14,0,0.0,1.0,0.0,0.0,9547.889426,10327.489747
2024-05-15,20,1.0,0.0,0.003578601255,0.005578601255,9582.057515,10385.102695
2024-05-16,0,0.0,1.0,0.0,0.0,9582.057515,10385.102695
2024-05-17,9,0.45,0.55,-0.000507704633,0.000392295367,9577.19266,10389.176722
2024-05-18,2,0.1,0.9,-0.004412872528,-0.004212872528,9534.929729,10345.408445
2024-05-19,1,0.05,0.95,-0.001497305407,-0.001397305407,9520.653027,10330.95275
2024-05-20,20,1.0,0.0,0.055608215701,0.057608215701,10050.079555,10926.100504
2024-05-21,16,0.8,0.2,-0.024499703235,-0.022899703235,9803.855588,10675.896045
2024-05-22,1,0.05,0.95,-0.002134810919,-0.002034810919,9782.92621,10654.172616
2024-05-23,0,0.0,1.0,0.0,0.0,9782.92621,10654.172616
2024-05-24,9,0.45,0.55,0.005900646364,0.006800646364,9840.651798,10726.627876
2024-05-25,7,0.35,0.65,0.000148889433,0.000848889433,9842.116967,10735.733597
2024-05-26,1,0.05,0.95,0.001139209134,0.001239209134,9853.329197,10749.037416
2024-05-27,20,1.0,0.0,-0.024235864881,-0.022235864881,9614.525242,10510.023272
2024-05-28,2,0.1,0.9,-0.001189841034,-0.000989841034,9603.085485,10499.62002
2024-05-29,4,0.2,0.8,-0.005230642731,-0.004830642731,9552.855176,10448.900107
2024-05-30,20,1.0,0.0,-0.031257863095,-0.029257863095,9254.253336,10143.187618
2024-05-31,0,0.0,1.0,0.0,0.0,9254.253336,10143.187618
2024-06-01,14,0.7,0.3,-0.014164017131,-0.012764017131,9123.175934,10013.719798
2024-06-02,1,0.05,0.95,-0.000541510754,-0.000441510754,9118.235636,10009.298633
2024-06-03,2,0.1,0.9,-0.000364994173,-0.000164994173,9114.907533,10007.647157
2024-06-04,20,1.0,0.0,0.015837233438,0.017837233438,9259.262451,10186.155895
2024-06-05,20,1.0,0.0,-0.00711983097,-0.00511983097,9193.338068,10134.004499
2024-06-06,4,0.2,0.8,-0.025007885597,-0.024607885597,8963.432121,9884.628075
2024-06-07,0,0.0,1.0,0.0,0.0,8963.432121,9884.628075
2024-06-08,2,0.1,0.9,-0.000303334567,-0.000103334567,8960.713202,9883.606652
2024-06-09,18,0.9,0.1,0.001692963953,0.003492963953,8975.883367,9918.129733
2024-06-10,4,0.2,0.8,-0.013996419972,-0.013596419972,8850.253133,9783.278676
2024-06-11,0,0.0,1.0,0.0,0.0,8850.253133,9783.278676
2024-06-12,20,1.0,0.0,-0.053468489497,-0.051468489497,8377.043467,9279.7481
2024-06-13,0,0.0,1.0,0.0,0.0,8377.043467,9279.7481
2024-06-14,0,0.0,1.0,0.0,0.0,8377.043467,9279.7481
2024-06-15,20,1.0,0.0,-0.002079208808,-7.9208808e-05,8359.625844,9279.013063
2024-06-16,7,0.35,0.65,-0.009785485252,-0.009085485252,8277.822849,9194.708726
2024-06-17,1,0.05,0.95,-0.003382828283,-0.003282828283,8249.820395,9164.524077
2024-06-18,0,0.0,1.0,0.0,0.0,8249.820395,9164.524077
2024-06-19,20,1.0,0.0,0.005604966292,0.007604966292,8296.060361,9234.219973
2024-06-20,0,0.0,1.0,0.0,0.0,8296.060361,9234.219973
2024-06-21,0,0.0,1.0,0.0,0.0,8296.060361,9234.219973
2024-06-22,5,0.25,0.75,-0.005787596264,-0.005287596264,8248.046113,9185.393146
2024-06-23,0,0.0,1.0,0.0,0.0,8248.046113,9185.393146
2024-06-24,4,0.2,0.8,0.011728557955,0.012128557955,8344.7838,9296.798719
2024-06-25,20,1.0,0.0,-0.022746351788,-0.020746351788,8154.970412,9103.924063
2024-06-26,1,0.05,0.95,0.003812543153,0.003912543153,8186.061588,9139.543558
2024-06-27,9,0.45,0.55,-0.005089711305,-0.004189711305,8144.396898,9101.251509
2024-06-28,1,0.05,0.95,0.000900486066,0.001000486066,8151.730814,9110.357185
2024-06-29,3,0.15,0.85,-0.000752603648,-0.000452603648,8145.595792,9106.233804
2024-06-30,18,0.9,0.1,0.019342601042,0.021142601042,8303.152801,9298.763272
2024-07-01,9,0.45,0.55,-0.006220192434,-0.005320192434,8251.505593,9249.292062
2024-07-02,3,0.15,0.85,-0.004201978049,-0.003901978049,8216.832948,9213.201527
2024-07-03,0,0.0,1.0,0.0,0.0,8216.832948,9213.201527
2024-07-04,0,0.0,1.0,0.0,0.0,8216.832948,9213.201527
2024-07-05,7,0.35,0.65,0.021215106253,0.021915106253,8391.153932,9415.109818
2024-07-06,20,1.0,0.0,-0.025886897322,-0.023886897322,8173.932992,9190.212056
2024-07-07,0,0.0,1.0,0.0,0.0,8173.932992,9190.212056
2024-07-08,2,0.1,0.9,0.008562429769,0.008762429769,8243.921719,9270.740644
2024-07-09,10,0.5,0.5,0.011332832164,0.012332832164,8337.3487,9385.075132
2024-07-10,5,0.25,0.75,0.00825199712,0.00875199712,8406.148477,9467.213283
2024-07-11,6,0.3,0.7,-0.002043957819,-0.001443957819,8388.966664,9453.543026
2024-07-12,20,1.0,0.0,0.014179188253,0.016179188253,8507.915402,9606.493679
2024-07-13,20,1.0,0.0,0.009613017776,0.011613017776,8589.702144,9718.054061
2024-07-14,7,0.35,0.65,0.009628050115,0.010328050115,8672.404227,9818.42261
2024-07-15,16,0.8,0.2,0.035386050407,0.036986050407,8979.28636,10181.567283
2024-07-16,20,1.0,0.0,-0.003444222337,-0.001444222337,8948.359701,10166.862837
2024-07-17,2,0.1,0.9,-0.003923286828,-0.003723286828,8913.252719,10129.00869
2024-07-18,0,0.0,1.0,0.0,0.0,8913.252719,10129.00869
2024-07-19,20,1.0,0.0,0.018828293641,0.020828293641,9081.074059,10339.978657
2024-07-20,18,0.9,0.1,-0.02939468499,-0.02759468499,8814.138748,10054.650203
2024-07-21,0,0.0,1.0,0.0,0.0,8814.138748,10054.650203
2024-07-22,3,0.15,0.85,-0.012878884767,-0.012578884767,8700.62247,9928.173917
2024-07-23,0,0.0,1.0,0.0,0.0,8700.62247,9928.173917
2024-07-24,3,0.15,0.85,-0.011211778451,-0.010911778451,8603.073019,9819.839883
2024-07-25,2,0.1,0.9,-0.00042959838,-0.00022959838,8599.377153,9817.585264
2024-07-26,20,1.0,0.0,0.006459702756,0.008459702756,8654.926573,9900.639117
2024-07-27,1,0.05,0.95,-0.000535859336,-0.000435859336,8650.28875,9896.323831
2024-07-28,1,0.05,0.95,-0.000280635838,-0.000180635838,8647.861169,9894.5362
2024-07-29,1,0.05,0.95,-0.001234425111,-0.001134425111,8637.186032,9883.31159
2024-07-30,0,0.0,1.0,0.0,0.0,8637.186032,9883.31159
2024-07-31,7,0.35,0.65,-0.027505377898,-0.026805377898,8399.616966,9618.385688
2024-08-01,0,0.0,1.0,0.0,0.0,8399.616966,9618.385688
2024-08-02,0,0.0,1.0,0.0,0.0,8399.616966,9618.385688
2024-08-03,0,0.0,1.0,0.0,0.0,8399.616966,9618.385688
2024-08-04,0,0.0,1.0,0.0,0.0,8399.616966,9618.385688
2024-08-05,2,0.1,0.9,-0.000187034104,1.2965896e-05,8398.045951,9618.510399
2024-08-06,18,0.9,0.1,-0.015468276583,-0.013668276583,8268.142654,9487.041938
2024-08-07,0,0.0,1.0,0.0,0.0,8268.142654,9487.041938
2024-08-08,20,1.0,0.0,0.015850696531,0.017850696531,8399.198474,9656.392245
2024-08-09,2,0.1,0.9,0.001167146647,0.001367146647,8409.00157,9669.593949
2024-08-10,20,1.0,0.0,-0.031377831637,-0.029377831637,8145.145334,9385.522246
2024-08-11,0,0.0,1.0,0.0,0.0,8145.145334,9385.522246
2024-08-12,5,0.25,0.75,0.005230912797,0.005730912797,8187.751879,9439.309856
2024-08-13,20,1.0,0.0,-0.0279976038,-0.0259976038,7958.514446,9193.910418
2024-08-14,3,0.15,0.85,0.001875855021,0.002175855021,7973.443466,9213.915034
2024-08-15,0,0.0,1.0,0.0,0.0,7973.443466,9213.915034
2024-08-16,7,0.35,0.65,0.002184485467,0.002884485467,7990.861337,9240.492438
2024-08-17,10,0.5,0.5,0.003111968378,0.004111968378,8015.728645,9278.489051
2024-08-18,0,0.0,1.0,0.0,0.0,8015.728645,9278.489051
2024-08-19,8,0.4,0.6,0.010659814327,0.011459814327,8101.174824,9384.818812
2024-08-20,2,0.1,0.9,0.004318358966,0.004518358966,8136.158605,9427.222793
2024-08-21,20,1.0,0.0,0.024844540412,0.026844540412,8338.297726,9680.292256
2024-08-22,1,0.05,0.95,0.000604934542,0.000704934542,8343.34185,9687.116228
2024-08-23,20,1.0,0.0,0.02360407872,0.02560407872,8540.278748,9935.145915
2024-08-24,12,0.6,0.4,-0.021272497202,-0.020072497202,8358.605692,9735.722726
2024-08-25,1,0.05,0.95,-0.002017808219,-0.001917808219,8341.739629,9717.051477
2024-08-26,0,0.0,1.0,0.0,0.0,8341.739629,9717.051477
2024-08-27,1,0.05,0.95,-0.004651539491,-0.004551539491,8302.937698,9672.823934
2024-08-28,0,0.0,1.0,0.0,0.0,8302.937698,9672.823934
2024-08-29,8,0.4,0.6,-0.012829618525,-0.012029618525,8196.414174,9556.463552
2024-08-30,0,0.0,1.0,0.0,0.0,8196.414174,9556.463552
2024-08-31,1,0.05,0.95,-0.002435118848,-0.002335118848,8176.454932,9534.148073
2024-09-01,0,0.0,1.0,0.0,0.0,8176.454932,9534.148073
2024-09-02,20,1.0,0.0,-0.028165948663,-0.026165948663,7946.157322,9284.678044
2024-09-03,0,0.0,1.0,0.0,0.0,7946.157322,9284.678044
2024-09-04,17,0.85,0.15,-0.016333582678,-0.014633582678,7816.368104,9148.809941
2024-09-05,2,0.1,0.9,-0.004921349516,-0.004721349516,7777.901025,9105.615211
2024-09-06,1,0.05,0.95,0.001174581209,0.001274581209,7787.036801,9117.221057
2024-09-07,15,0.75,0.25,0.008226734772,0.009726734772,7851.098688,9205.901848
2024-09-08,7,0.35,0.65,0.010768823609,0.011468823609,7935.645785,9311.482713
2024-09-09,20,1.0,0.0,0.020002229037,0.022002229037,8094.376389,9516.356088
2024-09-10,10,0.5,0.5,0.001327090174,0.002327090174,8105.118357,9538.501507
2024-09-11,6,0.3,0.7,0.004259465459,0.004859465459,8139.641828,9584.853526
2024-09-12,12,0.6,0.4,0.015839814824,0.017039814824,8268.572248,9748.177655
2024-09-13,18,0.9,0.1,-0.007287593472,-0.005487593472,8208.314254,9694.683619
2024-09-14,2,0.1,0.9,-0.002652086041,-0.002452086041,8186.545099,9670.91142
2024-09-15,1,0.05,0.95,-0.002665962463,-0.002565962463,8164.720077,9646.096225
2024-09-16,0,0.0,1.0,0.0,0.0,8164.720077,9646.096225
2024-09-17,10,0.5,0.5,-0.003896728189,-0.002896728189,8132.904382,9618.154106
2024-09-18,0,0.0,1.0,0.0,0.0,8132.904382,9618.154106
2024-09-19,20,1.0,0.0,-0.013604105653,-0.011604105653,8022.263492,9506.544029
2024-09-20,0,0.0,1.0,0.0,0.0,8022.263492,9506.544029
2024-09-21,20,1.0,0.0,-0.022097333473,-0.020097333473,7844.99286,9315.487844
2024-09-22,3,0.15,0.85,0.000196639004,0.000496639004,7846.535492,9320.114278
2024-09-23,9,0.45,0.55,0.006851825805,0.007751825805,7900.298586,9392.362181
2024-09-24,12,0.6,0.4,0.017047873301,0.018247873301,8034.981875,9563.752816
2024-09-25,2,0.1,0.9,0.001756451957,0.001956451957,8049.094935,9582.463839
2024-09-26,3,0.15,0.85,0.00435352846,0.00465352846,8084.136899,9627.056107
2024-09-27,6,0.3,0.7,-0.006119911106,-0.005519911106,8034.6627,9573.915613
2024-09-28,1,0.05,0.95,0.002167628205,0.002267628205,8052.078861,9595.625694
2024-09-29,20,1.0,0.0,-0.048927768867,-0.046927768867,7658.108608,9145.324389
2024-09-30,0,0.0,1.0,0.0,0.0,7658.108608,9145.324389
2024-10-01,0,0.0,1.0,0.0,0.0,7658.108608,9145.324389
2024-10-02,1,0.05,0.95,-3.56085e-05,6.43915e-05,7657.835914,9145.913271
2024-10-03,2,0.1,0.9,0.001052121716,0.001252121716,7665.892889,9157.365067
2024-10-04,20,1.0,0.0,-0.017258147349,-0.015258147349,7533.59378,9017.640642
2024-10-05,3,0.15,0.85,0.001354357655,0.001654357655,7543.796961,9032.559044
2024-10-06,4,0.2,0.8,0.001589138049,0.001989138049,7555.785095,9050.526051
2024-10-07,18,0.9,0.1,-0.036829236474,-0.035029236474,7277.511299,8733.493034
2024-10-08,3,0.15,0.85,-0.001530292774,-0.001230292774,7266.374577,8722.748281
2024-10-09,1,0.05,0.95,-0.000812515489,-0.000712515489,7260.470535,8716.533187
2024-10-10,1,0.05,0.95,-0.002346786015,-0.002246786015,7243.431764,8696.949003
2024-10-11,20,1.0,0.0,0.015937453039,0.017937453039,7358.873617,8852.950117
2024-10-12,6,0.3,0.7,-0.00631500857,-0.00571500857,7312.402268,8802.355431
2024-10-13,0,0.0,1.0,0.0,0.0,7312.402268,8802.355431
2024-10-14,20,1.0,0.0,-0.007163374958,-0.005163374958,7260.020788,8756.905569
2024-10-15,1,0.05,0.95,-0.003316650899,-0.003216650899,7235.941834,8728.737661
2024-10-16,3,0.15,0.85,-0.002948339724,-0.002648339724,7214.607819,8705.620999
2024-10-17,1,0.05,0.95,-4.4621348e-05,5.5378652e-05,7214.285893,8706.103104
2024-10-18,20,1.0,0.0,-0.000720342686,0.001279657314,7209.089135,8717.243933
2024-10-19,1,0.05,0.95,-0.000617371128,-0.000517371128,7204.638452,8712.733882
2024-10-20,7,0.35,0.65,-0.004223340057,-0.003523340057,7174.210814,8682.035958
2024-10-21,1,0.05,0.95,0.000563716814,0.000663716814,7178.255037,8687.798371
2024-10-22,2,0.1,0.9,-0.002893492277,-0.002693492277,7157.484811,8664.397854
2024-10-23,0,0.0,1.0,0.0,0.0,7157.484811,8664.397854
2024-10-24,9,0.45,0.55,-0.005150846875,-0.004250846875,7120.617703,8627.566825
2024-10-25,0,0.0,1.0,0.0,0.0,7120.617703,8627.566825
2024-10-26,2,0.1,0.9,0.003395312676,0.003595312676,7144.794427,8658.585625
2024-10-27,15,0.75,0.25,-0.008256163777,-0.006756163777,7085.805834,8600.086803
2024-10-28,2,0.1,0.9,0.010845881816,0.011045881816,7162.657646,8695.082345
2024-10-29,20,1.0,0.0,-0.02045804934,-0.01845804934,7016.123643,8534.588086
2024-10-30,2,0.1,0.9,-0.004605837674,-0.004405837674,6983.808516,8496.986077
2024-10-31,0,0.0,1.0,0.0,0.0,6983.808516,8496.986077
2024-11-01,0,0.0,1.0,0.0,0.0,6983.808516,8496.986077
2024-11-02,1,0.05,0.95,-0.00272542517,-0.00262542517,6964.774669,8474.677875
2024-11-03,0,0.0,1.0,0.0,0.0,6964.774669,8474.677875
2024-11-04,1,0.05,0.95,0.005249872774,0.005349872774,7001.33885,8520.016324
2024-11-05,20,1.0,0.0,0.089235501875,0.091235501875,7626.106836,9297.344289
2024-11-06,20,1.0,0.0,0.045098472245,0.047098472245,7970.032603,9735.235001
2024-11-07,10,0.5,0.5,0.005240964803,0.006240964803,8011.803264,9795.99226
2024-11-08,3,0.15,0.85,-0.000113041998,0.000186958002,8010.897593,9797.823699
2024-11-09,3,0.15,0.85,0.029030306954,0.029330306954,8243.456409,10085.196876
2024-11-10,20,1.0,0.0,0.019972876251,0.021972876251,8408.101944,10306.797659
2024-11-11,20,1.0,0.0,-0.022263790567,-0.020263790567,8220.905723,10097.94287
2024-11-12,1,0.05,0.95,-0.001028961749,-0.000928961749,8212.446726,10088.562267
2024-11-13,6,0.3,0.7,-0.004196184414,-0.003596184414,8177.985785,10052.281937
2024-11-14,3,0.15,0.85,0.007947012693,0.008247012693,8242.976342,10135.183233
2024-11-15,7,0.35,0.65,0.041451713511,0.042151713511,8584.661836,10562.398573
2024-11-16,20,1.0,0.0,-0.021925402595,-0.019925402595,8396.439669,10351.938529
2024-11-17,1,0.05,0.95,-0.002441264792,-0.002341264792,8375.941736,10327.7019
2024-11-18,19,0.95,0.05,-0.021150837397,-0.019250837397,8198.783554,10128.88499
2024-11-19,3,0.15,0.85,-0.00716995118,-0.00686995118,8139.998677,10059.300045
2024-11-20,0,0.0,1.0,0.0,0.0,8139.998677,10059.300045
2024-11-21,17,0.85,0.15,0.012895189218,0.014595189218,8244.9655,10206.117432
2024-11-22,11,0.55,0.45,0.10366534505,0.10476534505,9099.682693,11275.364847
2024-11-23,10,0.5,0.5,0.023550906027,0.024550906027,9313.988465,11552.18527
2024-11-24,1,0.05,0.95,-0.000709819121,-0.000609819121,9307.377218,11545.140526
2024-11-25,0,0.0,1.0,0.0,0.0,9307.377218,11545.140526
2024-11-26,5,0.25,0.75,-0.00060153326,-0.00010153326,9301.778521,11543.96831
2024-11-27,20,1.0,0.0,-0.005167511279,-0.003167511279,9253.711476,11507.40266
2024-11-28,3,0.15,0.85,0.01969998691,0.01999998691,9436.009471,11737.550563
2024-11-29,8,0.4,0.6,0.027421440029,0.028221440029,9694.758439,12068.801142
2024-11-30,13,0.65,0.35,-0.004128895743,-0.002828895743,9654.729792,12034.659762
2024-12-01,3,0.15,0.85,-0.004084712469,-0.003784712469,9615.292997,11989.112035
2024-12-02,1,0.05,0.95,0.004377272727,0.004477272727,9657.381756,12042.79056
2024-12-03,6,0.3,0.7,0.024157169302,0.024757169302,9890.676762,12340.935964
2024-12-04,7,0.35,0.65,-0.006823872434,-0.006123872434,9823.184046,12265.361647
2024-12-05,7,0.35,0.65,-0.004707314011,-0.004007314011,9776.943234,12216.210491
2024-12-06,15,0.75,0.25,-0.011214306254,-0.009714306254,9667.301598,12097.538481
2024-12-07,2,0.1,0.9,-0.000626083988,-0.000426083988,9661.249056,12092.383914
2024-12-08,3,0.15,0.85,-0.010926784738,-0.010626784738,9555.682667,11963.880753
2024-12-09,0,0.0,1.0,0.0,0.0,9555.682667,11963.880753
2024-12-10,0,0.0,1.0,0.0,0.0,9555.682667,11963.880753
2024-12-11,20,1.0,0.0,0.0656345402,0.0676345402,10182.865505,12773.052327
2024-12-12,10,0.5,0.5,-0.021992787163,-0.020992787163,9958.915911,12504.910358
2024-12-13,2,0.1,0.9,-0.001256562668,-0.001056562668,9946.401909,12491.698136
2024-12-14,0,0.0,1.0,0.0,0.0,9946.401909,12491.698136
2024-12-15,12,0.6,0.4,0.009100619163,0.010300619163,10036.920325,12620.370362
2024-12-16,5,0.25,0.75,-0.002923341474,-0.002423341474,10007.57898,12589.786895
2024-12-17,2,0.1,0.9,-0.007698626897,-0.007498626897,9930.534363,12495.38078
2024-12-18,1,0.05,0.95,-0.005427677129,-0.005327677129,9876.634629,12428.809426
2024-12-19,0,0.0,1.0,0.0,0.0,9876.634629,12428.809426
2024-12-20,10,0.5,0.5,-0.007385502809,-0.006385502809,9803.690716,12349.445228
2024-12-21,0,0.0,1.0,0.0,0.0,9803.690716,12349.445228
2024-12-22,3,0.15,0.85,0.006216961291,0.006516961291,9864.639882,12429.926085
2024-12-23,4,0.2,0.8,0.012013638666,0.012413638666,9983.150101,12584.226696
2024-12-24,20,1.0,0.0,-0.027643426426,-0.025643426426,9707.181625,12261.524004
2024-12-25,0,0.0,1.0,0.0,0.0,9707.181625,12261.524004
2024-12-26,0,0.0,1.0,0.0,0.0,9707.181625,12261.524004
2024-12-27,1,0.05,0.95,-0.000575184794,-0.000475184794,9701.598202,12255.697515
2024-12-28,20,1.0,0.0,-0.022358113053,-0.020358113053,9484.688773,12006.194639
2024-12-29,0,0.0,1.0,0.0,0.0,9484.688773,12006.194639
2024-12-30,4,0.2,0.8,-0.000329047818,7.0952182e-05,9481.567857,12007.046505
2024-12-31,0,0.0,1.0,0.0,0.0,9481.567857,12007.046505
2025-01-01,20,1.0,0.0,0.057683672876,0.059683672876,10028.499515,12723.67114
2025-01-02,2,0.1,0.9,0.00899362146,0.00919362146,10118.692044,12840.647757
2025-01-03,20,1.0,0.0,0.00896927131,0.01096927131,10209.449338,12981.500306
2025-01-04,1,0.05,0.95,-0.0002910327,-0.0001910327,10206.478054,12979.020415
2025-01-05,0,0.0,1.0,0.0,0.0,10206.478054,12979.020415
2025-01-06,4,0.2,0.8,-0.01293467976,-0.01253467976,10074.460529,12816.33255
2025-01-07,0,0.0,1.0,0.0,0.0,10074.460529,12816.33255
2025-01-08,0,0.0,1.0,0.0,0.0,10074.460529,12816.33255
2025-01-09,0,0.0,1.0,0.0,0.0,10074.460529,12816.33255
2025-01-10,20,1.0,0.0,-0.019027843906,-0.017027843906,9882.765267,12598.09804
2025-01-11,2,0.1,0.9,0.001057464679,0.001257464679,9893.215942,12613.939703
2025-01-12,1,0.05,0.95,-0.001727316363,-0.001627316363,9876.127228,12593.412833
2025-01-13,0,0.0,1.0,0.0,0.0,9876.127228,12593.412833
2025-01-14,20,1.0,0.0,0.055748377318,0.057748377318,10426.705295,13320.661989
2025-01-15,5,0.25,0.75,0.010711640371,0.011211640371,10538.392413,13470.00846
2025-01-16,20,1.0,0.0,0.026308235412,0.028308235412,10815.638921,13851.320631
2025-01-17,4,0.2,0.8,-0.007039255894,-0.006639255894,10739.504871,13759.358169
2025-01-18,1,0.05,0.95,0.000732704043,0.000832704043,10747.37375,13770.815642
2025-01-19,13,0.65,0.35,-0.040940838422,-0.039640838422,10307.367258,13224.928964
2025-01-20,0,0.0,1.0,0.0,0.0,10307.367258,13224.928964
2025-01-21,20,1.0,0.0,-0.034250088598,-0.032250088598,9954.339016,12798.423833
2025-01-22,1,0.05,0.95,-0.001574582848,-0.001474582848,9938.665084,12779.551497
2025-01-23,2,0.1,0.9,-0.001180001497,-0.000980001497,9926.937445,12767.027518
2025-01-24,19,0.95,0.05,-0.032701158413,-0.030801158413,9602.315091,12373.788281
2025-01-25,3,0.15,0.85,-0.001070262971,-0.000770262971,9592.038089,12364.25721
2025-01-26,9,0.45,0.55,-0.049759163322,-0.048859163322,9114.746299,11760.149947
2025-01-27,0,0.0,1.0,0.0,0.0,9114.746299,11760.149947
2025-01-28,2,0.1,0.9,-0.000611355954,-0.000411355954,9109.173944,11755.31234
2025-01-29,0,0.0,1.0,0.0,0.0,9109.173944,11755.31234
2025-01-30,20,1.0,0.0,0.022874852768,0.024874852768,9317.544957,12047.724003
2025-01-31,1,0.05,0.95,-0.000937227414,-0.000837227414,9308.812299,12037.637318
2025-02-01,0,0.0,1.0,0.0,0.0,9308.812299,12037.637318
2025-02-02,0,0.0,1.0,0.0,0.0,9308.812299,12037.637318
2025-02-03,15,0.75,0.25,-0.013199169415,-0.011699169415,9185.943708,11896.80696
2025-02-04,0,0.0,1.0,0.0,0.0,9185.943708,11896.80696
2025-02-05,0,0.0,1.0,0.0,0.0,9185.943708,11896.80696
2025-02-06,0,0.0,1.0,0.0,0.0,9185.943708,11896.80696
2025-02-07,0,0.0,1.0,0.0,0.0,9185.943708,11896.80696
2025-02-08,12,0.6,0.4,0.001118914329,0.002318914329,9196.221992,11924.394636
2025-02-09,1,0.05,0.95,0.005262921868,0.005362921868,9244.62099,11988.344233
2025-02-10,20,1.0,0.0,-0.013930252998,-0.011930252998,9115.841081,11845.320253
2025-02-11,0,0.0,1.0,0.0,0.0,9115.841081,11845.320253
2025-02-12,20,1.0,0.0,-0.015437180996,-0.013437180996,8975.118192,11686.152541
2025-02-13,0,0.0,1.0,0.0,0.0,8975.118192,11686.152541
2025-02-14,20,1.0,0.0,-0.049211264866,-0.047211264866,8533.441273,11134.434498
2025-02-15,1,0.05,0.95,0.001230236486,0.001330236486,8543.939424,11149.245929
2025-02-16,1,0.05,0.95,-0.00059382716,-0.00049382716,8538.865801,11143.740129
2025-02-17,0,0.0,1.0,0.0,0.0,8538.865801,11143.740129
2025-02-18,0,0.0,1.0,0.0,0.0,8538.865801,11143.740129
2025-02-19,18,0.9,0.1,0.035098481686,0.036898481686,8838.567026,11554.92722
2025-02-20,20,1.0,0.0,-0.014577523932,-0.012577523932,8709.722603,11409.594846
2025-02-21,0,0.0,1.0,0.0,0.0,8709.722603,11409.594846
2025-02-22,20,1.0,0.0,-0.020855979526,-0.018855979526,8528.072807,11194.455759
2025-02-23,4,0.2,0.8,-0.010762874524,-0.010362874524,8436.28623,11078.449019
2025-02-24,0,0.0,1.0,0.0,0.0,8436.28623,11078.449019
2025-02-25,2,0.1,0.9,0.00319355178,0.00339355178,8463.227947,11116.044309
2025-02-26,1,0.05,0.95,-0.006739650873,-0.006639650873,8406.188745,11042.237656
2025-02-27,2,0.1,0.9,-0.004006227465,-0.003806227465,8372.511641,11000.208388
2025-02-28,14,0.7,0.3,-0.005687394189,-0.004287394189,8324.893867,10953.046158
2025-03-01,2,0.1,0.9,0.005864904054,0.006064904054,8373.71857,11019.475332
2025-03-02,20,1.0,0.0,-0.078356391192,-0.076356391192,7717.584202,10178.067963
2025-03-03,0,0.0,1.0,0.0,0.0,7717.584202,10178.067963
2025-03-04,2,0.1,0.9,0.002966668228,0.003166668228,7740.479714,10210.298528
2025-03-05,10,0.5,0.5,-0.005245784806,-0.004245784806,7699.874823,10166.947797
2025-03-06,0,0.0,1.0,0.0,0.0,7699.874823,10166.947797
2025-03-07,2,0.1,0.9,0.000477837304,0.000677837304,7703.554111,10173.839334
2025-03-08,1,0.05,0.95,-0.004134480563,-0.004034480563,7671.703916,10132.793177
2025-03-09,0,0.0,1.0,0.0,0.0,7671.703916,10132.793177
2025-03-10,0,0.0,1.0,0.0,0.0,7671.703916,10132.793177
2025-03-11,12,0.6,0.4,0.024704151125,0.025904151125,7861.226849,10395.274582
2025-03-12,0,0.0,1.0,0.0,0.0,7861.226849,10395.274582
2025-03-13,0,0.0,1.0,0.0,0.0,7861.226849,10395.274582
2025-03-14,20,1.0,0.0,0.014274051238,0.016274051238,7973.438404,10564.447814
2025-03-15,16,0.8,0.2,-0.023795424538,-0.022195424538,7783.707052,10329.965409
2025-03-16,0,0.0,1.0,0.0,0.0,7783.707052,10329.965409
2025-03-17,20,1.0,0.0,-0.038684025056,-0.036684025056,7482.601933,9951.020699
2025-03-18,1,0.05,0.95,0.000854706927,0.000954706927,7488.997365,9960.521008
2025-03-19,7,0.35,0.65,-0.006158285712,-0.005458285712,7442.87798,9906.153638
2025-03-20,1,0.05,0.95,0.000714402057,0.000814402057,7448.195187,9914.22123
2025-03-21,4,0.2,0.8,-0.001972291249,-0.001572291249,7433.505177,9898.633187
2025-03-22,16,0.8,0.2,-0.019514503394,-0.017914503394,7288.444015,9721.304089
2025-03-23,1,0.05,0.95,0.001627207977,0.001727207977,7300.303829,9738.094803
2025-03-24,20,1.0,0.0,0.005442996672,0.007442996672,7340.039358,9810.57541
2025-03-25,18,0.9,0.1,-0.00932513479,-0.00752513479,7271.592502,9736.749508
2025-03-26,0,0.0,1.0,0.0,0.0,7271.592502,9736.749508
2025-03-27,2,0.1,0.9,-0.005220905357,-0.005020905357,7233.628206,9687.86221
2025-03-28,0,0.0,1.0,0.0,0.0,7233.628206,9687.86221
2025-03-29,0,0.0,1.0,0.0,0.0,7233.628206,9687.86221
2025-03-30,1,0.05,0.95,-0.000549859419,-0.000449859419,7229.650727,9683.504034
2025-03-31,2,0.1,0.9,-0.000323715882,-0.000123715882,7227.310374,9682.306031
2025-04-01,14,0.7,0.3,-0.00349140104,-0.00209140104,7202.076935,9662.056446
2025-04-02,1,0.05,0.95,-0.001151613683,-0.001051613683,7193.782925,9651.895695
2025-04-03,0,0.0,1.0,0.0,0.0,7193.782925,9651.895695
2025-04-04,20,1.0,0.0,-0.023080078664,-0.021080078664,7027.749849,9448.432975
2025-04-05,0,0.0,1.0,0.0,0.0,7027.749849,9448.432975
2025-04-06,0,0.0,1.0,0.0,0.0,7027.749849,9448.432975
2025-04-07,7,0.35,0.65,-0.015143064967,-0.014443064967,6921.328177,9311.968643
2025-04-08,0,0.0,1.0,0.0,0.0,6921.328177,9311.968643
2025-04-09,20,1.0,0.0,-0.04921092641,-0.04721092641,6580.723205,8872.341977
2025-04-10,0,0.0,1.0,0.0,0.0,6580.723205,8872.341977
2025-04-11,20,1.0,0.0,0.026434977345,0.028434977345,6754.684474,9124.62682
2025-04-12,7,0.35,0.65,-0.000511617816,0.000188382184,6751.228657,9126.345737
2025-04-13,8,0.4,0.6,-0.011739449142,-0.010939449142,6671.972952,9026.508542
2025-04-14,0,0.0,1.0,0.0,0.0,6671.972952,9026.508542
2025-04-15,0,0.0,1.0,0.0,0.0,6671.972952,9026.508542
2025-04-16,0,0.0,1.0,0.0,0.0,6671.972952,9026.508542
2025-04-17,20,1.0,0.0,0.002160557083,0.004160557083,6686.38813,9064.063846
2025-04-18,12,0.6,0.4,0.015172418573,0.016372418573,6787.83681,9212.464494
2025-04-19,20,1.0,0.0,0.008153720607,0.010153720607,6843.182934,9306.005284
2025-04-20,10,0.5,0.5,-0.002864023134,-0.001864023134,6823.5839,9288.658675
2025-04-21,0,0.0,1.0,0.0,0.0,6823.5839,9288.658675
2025-04-22,20,1.0,0.0,0.058325898004,0.060325898004,7221.575559,9849.005351
2025-04-23,13,0.65,0.35,0.013249171381,0.014549171381,7317.255451,9992.300218
2025-04-24,6,0.3,0.7,0.00047347756,0.00107347756,7320.720007,10003.026728
2025-04-25,0,0.0,1.0,0.0,0.0,7320.720007,10003.026728
2025-04-26,4,0.2,0.8,-0.008113033008,-0.007713033008,7261.326764,9925.873052
2025-04-27,0,0.0,1.0,0.0,0.0,7261.326764,9925.873052
2025-04-28,6,0.3,0.7,0.002177450139,0.002777450139,7277.137941,9953.44167
2025-04-29,2,0.1,0.9,-0.002704285182,-0.002504285182,7257.458485,9928.515413
2025-04-30,2,0.1,0.9,-0.000593205411,-0.000393205411,7253.153321,9924.611467
2025-05-01,15,0.75,0.25,-0.003721098604,-0.002221098604,7226.163622,9902.567927
2025-05-02,1,0.05,0.95,-0.000181070126,-8.1070126e-05,7224.85518,9901.765124
2025-05-03,1,0.05,0.95,-0.003685388866,-0.003585388866,7198.228779,9866.263446
2025-05-04,1,0.05,0.95,6.1160355e-05,0.000161160355,7198.669026,9867.853496
2025-05-05,5,0.25,0.75,-0.008294767758,-0.007794767758,7138.957738,9790.93587
2025-05-06,1,0.05,0.95,-0.000104172926,-4.172926e-06,7138.214052,9790.895013
2025-05-07,2,0.1,0.9,0.004945227569,0.005145227569,7173.514145,9841.271396
2025-05-08,20,1.0,0.0,0.084873016233,0.086873016233,7782.351927,10696.212326
2025-05-09,15,0.75,0.25,0.039622078117,0.041122078117,8090.704883,11136.062805
2025-05-10,9,0.45,0.55,0.011787862791,0.012687862791,8186.077002,11277.355642
2025-05-11,0,0.0,1.0,0.0,0.0,8186.077002,11277.355642
2025-05-12,0,0.0,1.0,0.0,0.0,8186.077002,11277.355642
2025-05-13,20,1.0,0.0,-0.032235600735,-0.030235600735,7922.193892,10936.378019
2025-05-14,1,0.05,0.95,-0.000118096272,-1.8096272e-05,7921.258311,10936.180111
2025-05-15,2,0.1,0.9,-0.001127833489,-0.000927833489,7912.32445,10926.033157
2025-05-16,2,0.1,0.9,-0.005714814701,-0.005514814701,7867.106982,10865.778109
2025-05-17,0,0.0,1.0,0.0,0.0,7867.106982,10865.778109
2025-05-18,0,0.0,1.0,0.0,0.0,7867.106982,10865.778109
2025-05-19,4,0.2,0.8,0.002773251123,0.003173251123,7888.924445,10900.257952
2025-05-20,2,0.1,0.9,-0.004321944091,-0.004121944091,7854.828955,10855.327698
2025-05-21,0,0.0,1.0,0.0,0.0,7854.828955,10855.327698
2025-05-22,20,1.0,0.0,-0.033692609795,-0.031692609795,7590.179268,10511.294033
2025-05-23,1,0.05,0.95,0.001311490565,0.001411490565,7600.133717,10526.130625
2025-05-24,1,0.05,0.95,-0.000853370928,-0.000753370928,7593.647983,10518.200544
2025-05-25,0,0.0,1.0,0.0,0.0,7593.647983,10518.200544
2025-05-26,0,0.0,1.0,0.0,0.0,7593.647983,10518.200544
2025-05-27,20,1.0,0.0,-0.029587885247,-0.027587885247,7368.967998,10228.025635
2025-05-28,0,0.0,1.0,0.0,0.0,7368.967998,10228.025635
2025-05-29,0,0.0,1.0,0.0,0.0,7368.967998,10228.025635
2025-05-30,0,0.0,1.0,0.0,0.0,7368.967998,10228.025635
2025-05-31,1,0.05,0.95,-0.000576059691,-0.000476059691,7364.723033,10223.156484
2025-06-01,15,0.75,0.25,-0.00291358728,-0.00141358728,7343.265269,10208.70516
2025-06-02,3,0.15,0.85,0.008751807832,0.009051807832,7407.532116,10301.112397
2025-06-03,17,0.85,0.15,-0.022378752204,-0.020678752204,7241.76079,10088.098247
2025-06-04,1,0.05,0.95,-0.000209689214,-0.000109689214,7240.242271,10086.991691
2025-06-05,0,0.0,1.0,0.0,0.0,7240.242271,10086.991691
2025-06-06,12,0.6,0.4,0.008047294652,0.009247294652,7298.506634,10180.269075
2025-06-07,2,0.1,0.9,0.000182669158,0.000382669158,7299.839846,10184.16475
2025-06-08,9,0.45,0.55,0.00615807021,0.00705807021,7344.792772,10256.0453
2025-06-09,20,1.0,0.0,0.049401081077,0.051401081077,7707.633476,10783.217116
2025-06-10,3,0.15,0.85,0.001351221405,0.001651221405,7718.048195,10801.022595
2025-06-11,0,0.0,1.0,0.0,0.0,7718.048195,10801.022595
2025-06-12,0,0.0,1.0,0.0,0.0,7718.048195,10801.022595
2025-06-13,0,0.0,1.0,0.0,0.0,7718.048195,10801.022595
2025-06-14,0,0.0,1.0,0.0,0.0,7718.048195,10801.022595
2025-06-15,9,0.45,0.55,0.017109027872,0.018009027872,7850.096497,10995.538512
2025-06-16,20,1.0,0.0,-0.073290451857,-0.071290451857,7274.759377,10211.661603
2025-06-17,0,0.0,1.0,0.0,0.0,7274.759377,10211.661603
2025-06-18,0,0.0,1.0,0.0,0.0,7274.759377,10211.661603
2025-06-19,1,0.05,0.95,0.002935902851,0.003035902851,7296.117364,10242.663216
2025-06-20,0,0.0,1.0,0.0,0.0,7296.117364,10242.663216
2025-06-21,0,0.0,1.0,0.0,0.0,7296.117364,10242.663216
2025-06-22,0,0.0,1.0,0.0,0.0,7296.117364,10242.663216
2025-06-23,20,1.0,0.0,0.078193254217,0.080193254217,7866.624524,11064.055711
2025-06-24,20,1.0,0.0,-0.017675265751,-0.015675265751,7727.579845,10890.623697
2025-06-25,0,0.0,1.0,0.0,0.0,7727.579845,10890.623697
2025-06-26,0,0.0,1.0,0.0,0.0,7727.579845,10890.623697
2025-06-27,0,0.0,1.0,0.0,0.0,7727.579845,10890.623697
2025-06-28,20,1.0,0.0,-0.001152718003,0.000847281997,7718.672125,10899.851127
2025-06-29,7,0.35,0.65,0.001543576853,0.002243576853,7730.586488,10924.30578
2025-06-30,3,0.15,0.85,-0.001875088716,-0.001575088716,7716.090953,10907.09903
2025-07-01,0,0.0,1.0,0.0,0.0,7716.090953,10907.09903
2025-07-02,20,1.0,0.0,0.005830048082,0.007830048082,7761.076134,10992.50214
2025-07-03,1,0.05,0.95,-0.000554227813,-0.000454227813,7756.77473,10987.509039
2025-07-04,0,0.0,1.0,0.0,0.0,7756.77473,10987.509039
2025-07-05,0,0.0,1.0,0.0,0.0,7756.77473,10987.509039
2025-07-06,20,1.0,0.0,-0.009221346111,-0.007221346111,7685.246825,10908.164434
2025-07-07,0,0.0,1.0,0.0,0.0,7685.246825,10908.164434
2025-07-08,20,1.0,0.0,0.037743217686,0.039743217686,7975.312769,11341.689987
2025-07-09,10,0.5,0.5,0.02582495859,0.02682495859,8181.274891,11645.930352
2025-07-10,20,1.0,0.0,0.079848197432,0.081848197432,8834.534944,12599.128758
2025-07-11,20,1.0,0.0,-0.047168177656,-0.045168177656,8417.82603,12030.049072
2025-07-12,0,0.0,1.0,0.0,0.0,8417.82603,12030.049072
2025-07-13,12,0.6,0.4,0.001616792081,0.002816792081,8431.435905,12063.935219
2025-07-14,0,0.0,1.0,0.0,0.0,8431.435905,12063.935219
2025-07-15,20,1.0,0.0,0.034251103031,0.036251103031,8720.221884,12501.266178
2025-07-16,20,1.0,0.0,0.003186316353,0.005186316353,8748.00727,12566.101699
2025-07-17,4,0.2,0.8,0.003232341847,0.003632341847,8776.28382,12611.746076
2025-07-18,1,0.05,0.95,-0.001387375415,-0.001287375415,8764.10782,12595.510024
2025-07-19,0,0.0,1.0,0.0,0.0,8764.10782,12595.510024
2025-07-20,9,0.45,0.55,0.006855727882,0.007755727882,8824.192158,12693.197372
2025-07-21,3,0.15,0.85,-0.000829618383,-0.000529618383,8816.871446,12686.474822
2025-07-22,4,0.2,0.8,-0.006614836462,-0.006214836462,8758.549283,12607.630455
2025-07-23,0,0.0,1.0,0.0,0.0,8758.549283,12607.630455
2025-07-24,15,0.75,0.25,-0.020510344706,-0.019010344706,8578.908418,12367.955055
2025-07-25,1,0.05,0.95,0.000215556958,0.000315556958,8580.757662,12371.857849
2025-07-26,14,0.7,0.3,0.010983919862,0.012383919862,8675.008016,12525.069945
2025-07-27,10,0.5,0.5,-0.014318734597,-0.013318734597,8550.792879,12358.251863
2025-07-28,0,0.0,1.0,0.0,0.0,8550.792879,12358.251863
2025-07-29,0,0.0,1.0,0.0,0.0,8550.792879,12358.251863
2025-07-30,1,0.05,0.95,-0.000871534901,-0.000771534901,8543.340564,12348.71704
2025-07-31,0,0.0,1.0,0.0,0.0,8543.340564,12348.71704
2025-08-01,0,0.0,1.0,0.0,0.0,8543.340564,12348.71704
2025-08-02,0,0.0,1.0,0.0,0.0,8543.340564,12348.71704
2025-08-03,20,1.0,0.0,0.037114422114,0.039114422114,8860.421712,12831.729971
2025-08-04,20,1.0,0.0,-0.035760242522,-0.033760242522,8543.570883,12398.527655
2025-08-05,0,0.0,1.0,0.0,0.0,8543.570883,12398.527655
2025-08-06,20,1.0,0.0,0.016343165074,0.018343165074,8683.199872,12625.955895
2025-08-07,5,0.25,0.75,0.009393458877,0.009893458877,8764.765153,12750.87027
2025-08-08,20,1.0,0.0,0.030742060306,0.032742060306,9034.212092,13168.360033
2025-08-09,19,0.95,0.05,-0.005005084308,-0.003105084308,8988.995099,13127.471165
2025-08-10,1,0.05,0.95,-0.001861363636,-0.001761363636,8972.26331,13104.348915
2025-08-11,1,0.05,0.95,0.000581752248,0.000681752248,8977.482945,13113.282834
2025-08-12,20,1.0,0.0,0.052837362872,0.054837362872,9451.829469,13832.380683
2025-08-13,15,0.75,0.25,-0.054259384098,-0.052759384098,8938.979023,13102.592798
2025-08-14,0,0.0,1.0,0.0,0.0,8938.979023,13102.592798
2025-08-15,0,0.0,1.0,0.0,0.0,8938.979023,13102.592798
2025-08-16,7,0.35,0.65,0.017478559025,0.018178559025,9095.219496,13340.779054
2025-08-17,3,0.15,0.85,-0.006526043892,-0.006226043892,9035.863694,13257.718779
2025-08-18,0,0.0,1.0,0.0,0.0,9035.863694,13257.718779
2025-08-19,0,0.0,1.0,0.0,0.0,9035.863694,13257.718779
2025-08-20,20,1.0,0.0,-0.023974928989,-0.021974928989,8819.229504,12966.38135
2025-08-21,0,0.0,1.0,0.0,0.0,8819.229504,12966.38135
2025-08-22,20,1.0,0.0,0.002962083332,0.004962083332,8845.352796,13030.721615
2025-08-23,1,0.05,0.95,-0.00090032834,-0.00080032834,8837.389075,13020.292759
2025-08-24,8,0.4,0.6,-0.023333885091,-0.022533885091,8631.178453,12726.894978
2025-08-25,0,0.0,1.0,0.0,0.0,8631.178453,12726.894978
2025-08-26,13,0.65,0.35,0.012609680756,0.013909680756,8740.014858,12903.922024
2025-08-27,17,0.85,0.15,-0.006176280325,-0.004476280325,8686.034076,12846.160452
2025-08-28,2,0.1,0.9,-0.002774437527,-0.002574437527,8661.935217,12813.088814
2025-08-29,0,0.0,1.0,0.0,0.0,8661.935217,12813.088814
2025-08-30,3,0.15,0.85,0.000254883095,0.000554883095,8664.142998,12820.198581
2025-08-31,2,0.1,0.9,-0.002791179736,-0.002591179736,8639.959818,12786.979142
2025-09-01,0,0.0,1.0,0.0,0.0,8639.959818,12786.979142
2025-09-02,5,0.25,0.75,0.004862738313,0.005362738313,8681.973682,12855.552365
2025-09-03,20,1.0,0.0,-0.039522275305,-0.037522275305,8338.842328,12373.18279
2025-09-04,0,0.0,1.0,0.0,0.0,8338.842328,12373.18279
2025-09-05,1,0.05,0.95,-0.000530239705,-0.000430239705,8334.420742,12367.859355
2025-09-06,0,0.0,1.0,0.0,0.0,8334.420742,12367.859355
2025-09-07,2,0.1,0.9,0.000469180713,0.000669180713,8338.331092,12376.135688
2025-09-08,11,0.55,0.45,0.000383989993,0.001483989993,8341.532927,12394.50175
2025-09-09,0,0.0,1.0,0.0,0.0,8341.532927,12394.50175
2025-09-10,10,0.5,0.5,0.001590822981,0.002590822981,8354.80283,12426.61371
2025-09-11,3,0.15,0.85,0.004282419946,0.004582419946,8390.581604,12483.557672
2025-09-12,20,1.0,0.0,0.021281646315,0.023281646315,8569.146994,12774.195447
2025-09-13,2,0.1,0.9,-0.007766800048,-0.007566800048,8502.592143,12677.535664
2025-09-14,1,0.05,0.95,-0.003199665228,-0.003099665228,8475.386694,12638.239548
2025-09-15,0,0.0,1.0,0.0,0.0,8475.386694,12638.239548
2025-09-16,20,1.0,0.0,-0.013370736575,-0.011370736575,8362.064532,12494.533455
2025-09-17,0,0.0,1.0,0.0,0.0,8362.064532,12494.533455
2025-09-18,20,1.0,0.0,-0.044015614691,-0.042015614691,7994.003121,11969.567951
2025-09-19,0,0.0,1.0,0.0,0.0,7994.003121,11969.567951
2025-09-20,2,0.1,0.9,0.000477473705,0.000677473705,7997.820047,11977.677019
2025-09-21,2,0.1,0.9,-0.008228337848,-0.008028337848,7932.011282,11881.516181
2025-09-22,0,0.0,1.0,0.0,0.0,7932.011282,11881.516181
2025-09-23,0,0.0,1.0,0.0,0.0,7932.011282,11881.516181
2025-09-24,20,1.0,0.0,-0.077728378271,-0.075728378271,7315.468909,10981.748229
2025-09-25,0,0.0,1.0,0.0,0.0,7315.468909,10981.748229
2025-09-26,20,1.0,0.0,-0.015678528325,-0.013678528325,7200.773122,10831.534075
2025-09-27,1,0.05,0.95,0.000129468599,0.000229468599,7201.705396,10834.019572
2025-09-28,20,1.0,0.0,0.011097188946,0.013097188946,7281.624082,10975.914774
2025-09-29,3,0.15,0.85,-0.003152946041,-0.002852946041,7258.665514,10944.601081
2025-09-30,0,0.0,1.0,0.0,0.0,7258.665514,10944.601081
2025-10-01,20,1.0,0.0,0.041681756971,0.043681756971,7561.219446,11422.680486
2025-10-02,20,1.0,0.0,0.001335905982,0.003335905982,7571.320524,11460.785474
2025-10-03,0,0.0,1.0,0.0,0.0,7571.320524,11460.785474
2025-10-04,0,0.0,1.0,0.0,0.0,7571.320524,11460.785474
2025-10-05,0,0.0,1.0,0.0,0.0,7571.320524,11460.785474
2025-10-06,20,1.0,0.0,-0.059600842083,-0.057600842083,7120.063445,10800.634579
2025-10-07,0,0.0,1.0,0.0,0.0,7120.063445,10800.634579
2025-10-08,20,1.0,0.0,-0.047131886679,-0.045131886679,6784.481422,10313.181564
2025-10-09,0,0.0,1.0,0.0,0.0,6784.481422,10313.181564
2025-10-10,0,0.0,1.0,0.0,0.0,6784.481422,10313.181564
2025-10-11,5,0.25,0.75,0.015265661474,0.015765661474,6888.051018,10475.775693
2025-10-12,20,1.0,0.0,0.023034061691,0.025034061691,7046.71081,10738.026908
2025-10-13,20,1.0,0.0,-0.023519642447,-0.021519642447,6880.974692,10506.948408
2025-10-14,1,0.05,0.95,-0.004098316498,-0.003998316498,6852.77428,10464.938303
2025-10-15,0,0.0,1.0,0.0,0.0,6852.77428,10464.938303
2025-10-16,0,0.0,1.0,0.0,0.0,6852.77428,10464.938303
2025-10-17,1,0.05,0.95,0.003024287343,0.003124287343,6873.499038,10497.633777
2025-10-18,8,0.4,0.6,0.013372273666,0.014172273666,6965.413348,10646.409116
2025-10-19,20,1.0,0.0,-0.004790199075,-0.002790199075,6932.047632,10616.703515
2025-10-20,2,0.1,0.9,-0.001247349679,-0.001047349679,6923.400944,10605.584114
2025-10-21,10,0.5,0.5,-0.031598825752,-0.030598825752,6704.629604,10281.065694
2025-10-22,0,0.0,1.0,0.0,0.0,6704.629604,10281.065694
2025-10-23,20,1.0,0.0,-0.008437228525,-0.006437228525,6648.061112,10214.884124
2025-10-24,0,0.0,1.0,0.0,0.0,6648.061112,10214.884124
2025-10-25,7,0.35,0.65,0.007597999653,0.008297999653,6698.573078,10299.647229
2025-10-26,14,0.7,0.3,0.008003743347,0.009403743347,6752.186738,10396.502468
2025-10-27,4,0.2,0.8,-0.003035338905,-0.002635338905,6731.691563,10369.104161
2025-10-28,1,0.05,0.95,-0.001897557936,-0.001797557936,6718.917788,10350.465096
2025-10-29,20,1.0,0.0,-0.108974852356,-0.106974852356,5986.724714,9243.22562
2025-10-30,0,0.0,1.0,0.0,0.0,5986.724714,9243.22562
2025-10-31,0,0.0,1.0,0.0,0.0,5986.724714,9243.22562
2025-11-01,20,1.0,0.0,-0.01860217466,-0.01660217466,5875.358615,9089.767974
2025-11-02,1,0.05,0.95,-0.000783909475,-0.000683909475,5870.752866,9083.551396
2025-11-03,0,0.0,1.0,0.0,0.0,5870.752866,9083.551396
2025-11-04,1,0.05,0.95,-0.004713200852,-0.004613200852,5843.082829,9041.647149
2025-11-05,20,1.0,0.0,-0.032016582762,-0.030016582762,5656.007284,8770.247799
2025-11-06,2,0.1,0.9,0.038381780977,0.038581780977,5873.094916,9108.619578
2025-11-07,20,1.0,0.0,-0.014190317419,-0.012190317419,5789.753835,8997.582614
2025-11-08,0,0.0,1.0,0.0,0.0,5789.753835,8997.582614
2025-11-09,7,0.35,0.65,0.007399904883,0.008099904883,5832.597463,9070.462178
2025-11-10,2,0.1,0.9,-0.001609469709,-0.001409469709,5823.210074,9057.677636
2025-11-11,1,0.05,0.95,-0.000715640599,-0.000615640599,5819.042748,9052.101362
2025-11-12,0,0.0,1.0,0.0,0.0,5819.042748,9052.101362
2025-11-13,0,0.0,1.0,0.0,0.0,5819.042748,9052.101362
2025-11-14,0,0.0,1.0,0.0,0.0,5819.042748,9052.101362
2025-11-15,14,0.7,0.3,-0.027575667954,-0.026175667954,5658.578758,8815.156562
2025-11-16,0,0.0,1.0,0.0,0.0,5658.578758,8815.156562
2025-11-17,1,0.05,0.95,-0.000310970464,-0.000210970464,5656.819107,8813.296825
2025-11-18,20,1.0,0.0,-0.063880540818,-0.061880540818,5295.458443,8267.925251
2025-11-19,0,0.0,1.0,0.0,0.0,5295.458443,8267.925251
2025-11-20,0,0.0,1.0,0.0,0.0,5295.458443,8267.925251
2025-11-21,0,0.0,1.0,0.0,0.0,5295.458443,8267.925251
2025-11-22,0,0.0,1.0,0.0,0.0,5295.458443,8267.925251
2025-11-23,5,0.25,0.75,0.008722406773,0.009222406773,5341.647586,8344.175421
2025-11-24,20,1.0,0.0,-0.000268548521,0.001731451479,5340.213094,8358.622956
2025-11-25,4,0.2,0.8,0.00032556198,0.00072556198,5341.951664,8364.687655
2025-11-26,20,1.0,0.0,0.002463004303,0.004463004303,5355.108914,8402.019292
2025-11-27,15,0.75,0.25,-0.02015872202,-0.01865872202,5247.156762,8245.248349
2025-11-28,0,0.0,1.0,0.0,0.0,5247.156762,8245.248349
2025-11-29,0,0.0,1.0,0.0,0.0,5247.156762,8245.248349
2025-11-30,8,0.4,0.6,-0.040809862577,-0.040009862577,5033.021016,7915.357096
2025-12-01,0,0.0,1.0,0.0,0.0,5033.021016,7915.357096
2025-12-02,20,1.0,0.0,0.016684001725,0.018684001725,5116.991947,8063.247641
2025-12-03,20,1.0,0.0,-0.011822834219,-0.009822834219,5056.4946,7984.043697
2025-12-04,1,0.05,0.95,0.000376694915,0.000476694915,5058.399356,7987.84965
2025-12-05,0,0.0,1.0,0.0,0.0,5058.399356,7987.84965
2025-12-06,20,1.0,0.0,0.000821616534,0.002821616534,5062.55542,8010.388298
2025-12-07,20,1.0,0.0,0.000714077152,0.002714077152,5066.170475,8032.12911
2025-12-08,6,0.3,0.7,0.019208724119,0.019808724119,5163.485146,8191.23534
2025-12-09,20,1.0,0.0,-0.034110080439,-0.032110080439,4987.358253,7928.214114
2025-12-10,2,0.1,0.9,-0.008200927437,-0.008000927437,4946.45729,7864.781048
2025-12-11,0,0.0,1.0,0.0,0.0,4946.45729,7864.781048
2025-12-12,0,0.0,1.0,0.0,0.0,4946.45729,7864.781048
2025-12-13,5,0.25,0.75,-0.009203564219,-0.008703564219,4900.932252,7796.329421
2025-12-14,1,0.05,0.95,0.000443084721,0.000543084721,4903.10378,7800.563489
2025-12-15,0,0.0,1.0,0.0,0.0,4903.10378,7800.563489
2025-12-16,0,0.0,1.0,0.0,0.0,4903.10378,7800.563489
2025-12-17,0,0.0,1.0,0.0,0.0,4903.10378,7800.563489
2025-12-18,0,0.0,1.0,0.0,0.0,4903.10378,7800.563489
2025-12-19,1,0.05,0.95,0.00089009901,0.00099009901,4907.468028,7808.286819
2025-12-20,4,0.2,0.8,-0.001959688304,-0.001559688304,4897.850921,7796.108325
2025-12-21,1,0.05,0.95,-0.000465344468,-0.000365344468,4895.571733,7793.26006
2025-12-22,8,0.4,0.6,-0.011648399124,-0.010848399124,4838.546159,7708.715665
2025-12-23,0,0.0,1.0,0.0,0.0,4838.546159,7708.715665
2025-12-24,2,0.1,0.9,6.0743244e-05,0.000260743244,4838.840068,7710.72566
2025-12-25,3,0.15,0.85,-0.000828463566,-0.000528463566,4834.831266,7706.650823
2025-12-26,0,0.0,1.0,0.0,0.0,4834.831266,7706.650823
2025-12-27,20,1.0,0.0,0.007414441974,0.009414441974,4870.678841,7779.20464
2025-12-28,3,0.15,0.85,-0.002724767038,-0.002424767038,4857.407376,7760.341881
2025-12-29,0,0.0,1.0,0.0,0.0,4857.407376,7760.341881
2025-12-30,3,0.15,0.85,0.004211485209,0.004511485209,4877.864276,7795.352548
2025-12-31,0,0.0,1.0,0.0,0.0,4877.864276,7795.352548
2026-01-01,20,1.0,0.0,0.049249333893,0.051249333893,5118.095842,8194.859174
2026-01-02,20,1.0,0.0,0.009895925376,0.011895925376,5168.744136,8292.344607
2026-01-03,3,0.15,0.85,0.00428432992,0.00458432992,5190.888742,8330.35945
2026-01-04,20,1.0,0.0,0.005380736138,0.007380736138,5218.819544,8391.843635
2026-01-05,20,1.0,0.0,-0.013003406021,-0.011003406021,5150.957115,8299.504773
2026-01-06,0,0.0,1.0,0.0,0.0,5150.957115,8299.504773
2026-01-07,1,0.05,0.95,-0.000653691275,-0.000553691275,5147.589979,8294.909409
2026-01-08,7,0.35,0.65,-0.002189944709,-0.001489944709,5136.317042,8282.550453
2026-01-09,7,0.35,0.65,-0.003715196447,-0.003015196447,5117.234615,8257.576936
2026-01-10,3,0.15,0.85,0.001900924289,0.002200924289,5126.96209,8275.751238
2026-01-11,10,0.5,0.5,-0.008706772874,-0.007706772874,5082.322796,8211.971903
2026-01-12,0,0.0,1.0,0.0,0.0,5082.322796,8211.971903
2026-01-13,20,1.0,0.0,0.019328856637,0.021328856637,5180.558285,8387.123874
2026-01-14,2,0.1,0.9,-0.002292365421,-0.002092365421,5168.682552,8369.574946
2026-01-15,1,0.05,0.95,-0.000229491745,-0.000129491745,5167.496382,8368.491155
2026-01-16,2,0.1,0.9,0.031168245347,0.031368245347,5328.558177,8630.996039
2026-01-17,10,0.5,0.5,-0.011210777169,-0.010210777169,5268.820899,8542.866862
2026-01-18,2,0.1,0.9,-0.005568942669,-0.005368942669,5239.479137,8497.000699
2026-01-19,0,0.0,1.0,0.0,0.0,5239.479137,8497.000699
2026-01-20,0,0.0,1.0,0.0,0.0,5239.479137,8497.000699
2026-01-21,0,0.0,1.0,0.0,0.0,5239.479137,8497.000699
2026-01-22,1,0.05,0.95,-0.00069425553,-0.00059425553,5235.8416,8491.95131
2026-01-23,0,0.0,1.0,0.0,0.0,5235.8416,8491.95131
2026-01-24,0,0.0,1.0,0.0,0.0,5235.8416,8491.95131
2026-01-25,0,0.0,1.0,0.0,0.0,5235.8416,8491.95131
2026-01-26,10,0.5,0.5,0.000991610563,0.001991610563,5241.033516,8508.86397
2026-01-27,0,0.0,1.0,0.0,0.0,5241.033516,8508.86397
2026-01-28,2,0.1,0.9,-0.007754282974,-0.007554282974,5200.393059,8444.585603
2026-01-29,0,0.0,1.0,0.0,0.0,5200.393059,8444.585603
2026-01-30,0,0.0,1.0,0.0,0.0,5200.393059,8444.585603
2026-01-31,0,0.0,1.0,0.0,0.0,5200.393059,8444.585603
2026-02-01,0,0.0,1.0,0.0,0.0,5200.393059,8444.585603
2026-02-02,20,1.0,0.0,-0.054299303276,-0.052299303276,4918.015339,8002.93966
2026-02-03,0,0.0,1.0,0.0,0.0,4918.015339,8002.93966
2026-02-04,0,0.0,1.0,0.0,0.0,4918.015339,8002.93966
2026-02-05,0,0.0,1.0,0.0,0.0,4918.015339,8002.93966
2026-02-06,20,1.0,0.0,-0.011144806036,-0.009144806036,4863.205012,7929.754329
2026-02-07,3,0.15,0.85,-0.004952475753,-0.004652475753,4839.120107,7892.861339
2026-02-08,1,0.05,0.95,-0.000153705693,-5.3705693e-05,4838.376307,7892.437448
2026-02-09,9,0.45,0.55,-0.017306407496,-0.016406407496,4754.641395,7762.950903
2026-02-10,0,0.0,1.0,0.0,0.0,4754.641395,7762.950903
2026-02-11,0,0.0,1.0,0.0,0.0,4754.641395,7762.950903
2026-02-12,0,0.0,1.0,0.0,0.0,4754.641395,7762.950903
2026-02-13,20,1.0,0.0,0.045650051976,0.047650051976,4971.691021,8132.855917
2026-02-14,20,1.0,0.0,-0.039140019929,-0.037140019929,4777.098936,7830.801486
2026-02-15,0,0.0,1.0,0.0,0.0,4777.098936,7830.801486
2026-02-16,1,0.05,0.95,-0.000400353357,-0.000300353357,4775.186408,7828.449478
2026-02-17,0,0.0,1.0,0.0,0.0,4775.186408,7828.449478
2026-02-18,0,0.0,1.0,0.0,0.0,4775.186408,7828.449478
2026-02-19,1,0.05,0.95,0.000448478415,0.000548478415,4777.327976,7832.743214
2026-02-20,20,1.0,0.0,0.006528517618,0.008528517618,4808.516846,7899.544902
2026-02-21,4,0.2,0.8,-0.005226050432,-0.004826050432,4783.387294,7861.4213
2026-02-22,1,0.05,0.95,-0.001545783133,-0.001445783133,4775.993215,7850.05539
2026-02-23,0,0.0,1.0,0.0,0.0,4775.993215,7850.05539
2026-02-24,9,0.45,0.55,0.049030509856,0.049930509856,5010.162597,8242.012658
2026-02-25,20,1.0,0.0,-0.053647006427,-0.051647006427,4741.382372,7816.337377
2026-02-26,0,0.0,1.0,0.0,0.0,4741.382372,7816.337377
2026-02-27,1,0.05,0.95,-0.000767457728,-0.000667457728,4737.743562,7811.120303
2026-02-28,2,0.1,0.9,0.002420743136,0.002620743136,4749.212422,7831.591242
2026-03-01,0,0.0,1.0,0.0,0.0,4749.212422,7831.591242
2026-03-02,10,0.5,0.5,-0.009137563659,-0.008137563659,4705.816191,7767.86117
2026-03-03,3,0.15,0.85,0.00324519514,0.00354519514,4721.087483,7795.399754
2026-03-04,20,1.0,0.0,-0.034013481137,-0.032013481137,4560.506863,7545.841871
2026-03-05,0,0.0,1.0,0.0,0.0,4560.506863,7545.841871
2026-03-06,0,0.0,1.0,0.0,0.0,4560.506863,7545.841871
2026-03-07,1,0.05,0.95,0.000582773109,0.000682773109,4563.164604,7550.993969
2026-03-08,1,0.05,0.95,-0.0007049084,-0.0006049084,4559.947991,7546.426309
2026-03-09,17,0.85,0.15,0.014406041869,0.016106041869,4625.638792,7667.969367
2026-03-10,6,0.3,0.7,-0.001975092695,-0.001375092695,4616.502727,7657.425199
2026-03-11,5,0.25,0.75,-0.004337039926,-0.003837039926,4596.48077,7628.043352
2026-03-12,1,0.05,0.95,0.000310754294,0.000410754294,4597.909147,7631.176604
2026-03-13,1,0.05,0.95,0.001053184165,0.001153184165,4602.751592,7639.976756
2026-03-14,4,0.2,0.8,-0.001569542308,-0.001169542308,4595.527378,7631.04148
2026-03-15,9,0.45,0.55,0.016941559015,0.017841559015,4673.382777,7767.191157
2026-03-16,20,1.0,0.0,-5.1760054e-05,0.001948239946,4673.140882,7782.323509
2026-03-17,1,0.05,0.95,-0.000427332242,-0.000327332242,4671.143898,7779.776103
2026-03-18,0,0.0,1.0,0.0,0.0,4671.143898,7779.776103
2026-03-19,0,0.0,1.0,0.0,0.0,4671.143898,7779.776103
2026-03-20,2,0.1,0.9,0.002574648157,0.002774648157,4683.17045,7801.362245
2026-03-21,1,0.05,0.95,-0.002855749405,-0.002755749405,4669.796489,7779.863646
2026-03-22,1,0.05,0.95,-0.002161044682,-0.002061044682,4659.70485,7763.828999
2026-03-23,10,0.5,0.5,-0.004902124337,-0.003902124337,4636.862398,7733.533573
2026-03-24,0,0.0,1.0,0.0,0.0,4636.862398,7733.533573
2026-03-25,3,0.15,0.85,-0.005574109842,-0.005274109842,4611.016017,7692.746067
2026-03-26,0,0.0,1.0,0.0,0.0,4611.016017,7692.746067
2026-03-27,0,0.0,1.0,0.0,0.0,4611.016017,7692.746067
2026-03-28,8,0.4,0.6,-0.008967081191,-0.008167081191,4569.668662,7629.918786
2026-03-29,0,0.0,1.0,0.0,0.0,4569.668662,7629.918786
2026-03-30,0,0.0,1.0,0.0,0.0,4569.668662,7629.918786
2026-03-31,1,0.05,0.95,0.007690055249,0.007790055249,4604.809667,7689.356274
2026-04-01,0,0.0,1.0,0.0,0.0,4604.809667,7689.356274
2026-04-02,0,0.0,1.0,0.0,0.0,4604.809667,7689.356274
2026-04-03,7,0.35,0.65,0.003893161505,0.004593161505,4622.736934,7724.67473
2026-04-04,13,0.65,0.35,-0.01338797743,-0.01208797743,4560.847837,7631.299036
2026-04-05,1,0.05,0.95,-0.000600939261,-0.000500939261,4558.107044,7627.476219
2026-04-06,1,0.05,0.95,-0.00126426757,-0.00116426757,4552.344377,7618.595795
2026-04-07,0,0.0,1.0,0.0,0.0,4552.344377,7618.595795
2026-04-08,2,0.1,0.9,-0.000572108053,-0.000372108053,4549.739944,7615.760855
2026-04-09,20,1.0,0.0,0.007204176443,0.009204176443,4582.517074,7685.857661
2026-04-10,3,0.15,0.85,6.12439e-05,0.0003612439,4582.797725,7688.63413
2026-04-11,3,0.15,0.85,-0.004141001802,-0.003841001802,4563.820351,7659.102073
2026-04-12,0,0.0,1.0,0.0,0.0,4563.820351,7659.102073
2026-04-13,1,0.05,0.95,0.000970637257,0.001070637257,4568.250165,7667.302193
2026-04-14,1,0.05,0.95,0.000690452573,0.000790452573,4571.404325,7673.362832
2026-04-15,20,1.0,0.0,0.035689657105,0.037689657105,4734.556178,7962.569246
2026-04-16,18,0.9,0.1,0.025491317305,0.027291317305,4855.246252,8179.878249
2026-04-17,7,0.35,0.65,-0.006952105404,-0.006252105404,4821.492068,8128.736788
2026-04-18,1,0.05,0.95,0.000445619885,0.000545619885,4823.640621,8133.171989
2026-04-19,0,0.0,1.0,0.0,0.0,4823.640621,8133.171989
2026-04-20,20,1.0,0.0,-0.006933570019,-0.004933570019,4790.195571,8093.046415
2026-04-21,2,0.1,0.9,0.003193937988,0.003393937988,4805.495159,8120.513713
2026-04-22,13,0.65,0.35,-0.024436809791,-0.023136809791,4688.064188,7932.630932
2026-04-23,0,0.0,1.0,0.0,0.0,4688.064188,7932.630932
2026-04-24,13,0.65,0.35,-0.004313340016,-0.003013340016,4667.842973,7908.727218
2026-04-25,1,0.05,0.95,-0.000115422579,-1.5422579e-05,4667.304198,7908.605245
2026-04-26,9,0.45,0.55,-0.010101112024,-0.009201112024,4620.159236,7835.837282
2026-04-27,0,0.0,1.0,0.0,0.0,4620.159236,7835.837282
2026-04-28,0,0.0,1.0,0.0,0.0,4620.159236,7835.837282
2026-04-29,0,0.0,1.0,0.0,0.0,4620.159236,7835.837282
2026-04-30,1,0.05,0.95,-3.8687922e-05,6.1312078e-05,4619.980491,7836.317713
2026-05-01,10,0.5,0.5,-0.004519117313,-0.003519117313,4599.102258,7808.740792
2026-05-02,3,0.15,0.85,-0.002115690945,-0.001815690945,4589.371979,7794.562532
2026-05-03,0,0.0,1.0,0.0,0.0,4589.371979,7794.562532
2026-05-04,3,0.15,0.85,0.001479358495,0.001779358495,4596.161305,7808.431853
2026-05-05,5,0.25,0.75,0.009454537789,0.009954537789,4639.615886,7886.161183
2026-05-06,2,0.1,0.9,-0.00048599635,-0.00028599635,4637.361049,7883.90577
2026-05-07,3,0.15,0.85,0.00466389695,0.00496389695,4658.989223,7923.040666
2026-05-08,20,1.0,0.0,0.007844121706,0.009844121706,4695.534902,8001.036042
2026-05-09,3,0.15,0.85,0.003753717164,0.004053717164,4713.160612,8033.469979
2026-05-10,20,1.0,0.0,-0.015874805904,-0.013874805904,4638.340102,7922.007143
2026-05-11,3,0.15,0.85,-0.001997460001,-0.001697460001,4629.075203,7908.559852
2026-05-12,1,0.05,0.95,-0.000485542169,-0.000385542169,4626.827592,7905.510769
2026-05-13,0,0.0,1.0,0.0,0.0,4626.827592,7905.510769
2026-05-14,20,1.0,0.0,-0.049489100917,-0.047489100917,4397.850054,7530.08517
2026-05-15,0,0.0,1.0,0.0,0.0,4397.850054,7530.08517
2026-05-16,4,0.2,0.8,-0.000463912535,-6.3912535e-05,4395.809837,7529.603904
2026-05-17,0,0.0,1.0,0.0,0.0,4395.809837,7529.603904
2026-05-18,3,0.15,0.85,0.002538235276,0.002838235276,4406.967436,7550.974691
2026-05-19,3,0.15,0.85,0.000715431404,0.001015431404,4410.120319,7558.642188
2026-05-20,20,1.0,0.0,0.017809550002,0.019809550002,4488.662577,7708.375488
2026-05-21,20,1.0,0.0,0.001930815955,0.003930815955,4497.329359,7738.675693
2026-05-22,0,0.0,1.0,0.0,0.0,4497.329359,7738.675693
2026-05-23,1,0.05,0.95,0.001483710407,0.001583710407,4504.002093,7750.931515
2026-05-24,1,0.05,0.95,0.000662942779,0.000762942779,4506.987989,7756.845032
2026-05-25,20,1.0,0.0,-0.014164303708,-0.012164303708,4443.149642,7662.488413
2026-05-26,0,0.0,1.0,0.0,0.0,4443.149642,7662.488413
2026-05-27,0,0.0,1.0,0.0,0.0,4443.149642,7662.488413
2026-05-28,4,0.2,0.8,0.001981948441,0.002381948441,4451.955736,7680.740066
2026-05-29,9,0.45,0.55,0.00147361823,0.00237361823,4458.516219,7698.97121
2026-05-30,7,0.35,0.65,-0.006047886301,-0.005347886301,4431.55162,7657.797987
2026-05-31,0,0.0,1.0,0.0,0.0,4431.55162,7657.797987
2026-06-01,6,0.3,0.7,0.00429036233,0.00489036233,4450.564582,7695.247394
2026-06-02,2,0.1,0.9,0.005486007971,0.005686007971,4474.980414,7739.002632
2026-06-03,1,0.05,0.95,-0.007017688266,-0.006917688266,4443.576397,7685.466625
2026-06-04,0,0.0,1.0,0.0,0.0,4443.576397,7685.466625
2026-06-05,0,0.0,1.0,0.0,0.0,4443.576397,7685.466625
2026-06-06,0,0.0,1.0,0.0,0.0,4443.576397,7685.466625
2026-06-07,4,0.2,0.8,0.006008274351,0.006408274351,4470.274623,7734.717203
2026-06-08,17,0.85,0.15,-0.02080169365,-0.01910169365,4377.28534,7586.971005
2026-06-09,0,0.0,1.0,0.0,0.0,4377.28534,7586.971005
2026-06-10,0,0.0,1.0,0.0,0.0,4377.28534,7586.971005
2026-06-11,20,1.0,0.0,-0.004865892424,-0.002865892424,4355.98594,7565.227562
2026-06-12,1,0.05,0.95,-0.002654744526,-0.002554744526,4344.42191,7545.900338
2026-06-13,6,0.3,0.7,-0.009686228717,-0.009086228717,4302.340846,7477.336562
2026-06-14,1,0.05,0.95,2.5470514e-05,0.000125470514,4302.450429,7478.274747
2026-06-15,20,1.0,0.0,-0.013765630701,-0.011765630701,4243.224485,7390.288128
2026-06-16,5,0.25,0.75,0.000584439779,0.001084439779,4245.704394,7398.302451
2026-06-17,7,0.35,0.65,-0.019042969627,-0.018342969627,4164.853575,7262.595614
2026-06-18,0,0.0,1.0,0.0,0.0,4164.853575,7262.595614
2026-06-19,2,0.1,0.9,-0.002248371983,-0.002048371983,4155.489434,7247.719116
2026-06-20,4,0.2,0.8,-0.012575724354,-0.012175724354,4103.231145,7159.472886
2026-06-21,3,0.15,0.85,0.000439043527,0.000739043527,4105.032642,7164.764048
2026-06-22,2,0.1,0.9,-0.00344591893,-0.00324591893,4090.887032,7141.507805
2026-06-23,0,0.0,1.0,0.0,0.0,4090.887032,7141.507805
2026-06-24,0,0.0,1.0,0.0,0.0,4090.887032,7141.507805
2026-06-25,1,0.05,0.95,0.000819377652,0.000919377652,4094.239014,7148.073548
2026-06-26,20,1.0,0.0,-0.010510921476,-0.008510921476,4051.204789,7087.236855
2026-06-27,1,0.05,0.95,-0.002220418848,-0.002120418848,4042.209417,7072.208944
2026-06-28,0,0.0,1.0,0.0,0.0,4042.209417,7072.208944
2026-06-29,20,1.0,0.0,-0.032916295192,-0.030916295192,3909.154859,6853.562445
2026-06-30,0,0.0,1.0,0.0,0.0,3909.154859,6853.562445
2026-07-01,20,1.0,0.0,0.016665538181,0.018665538181,3974.303028,6981.487876
2026-07-02,5,0.25,0.75,0.004359853996,0.004859853996,3991.630409,7015.416888
2026-07-03,20,1.0,0.0,0.025617548768,0.027617548768,4093.886196,7209.165506
2026-07-04,20,1.0,0.0,-0.02210781963,-0.02010781963,4003.379298,7064.204906
2026-07-05,1,0.05,0.95,-0.000583729112,-0.000483729112,4001.042409,7060.787745
2026-07-06,3,0.15,0.85,-0.002561428125,-0.002261428125,3990.794027,7044.820281
2026-07-07,4,0.2,0.8,-0.005409805106,-0.005009805106,3969.204609,7009.527104
2026-07-08,1,0.05,0.95,0.00045401662,0.00055401662,3971.006694,7013.410499
2026-07-09,14,0.7,0.3,0.000551308322,0.001951308322,3973.195943,7027.095825
2026-07-10,1,0.05,0.95,0.001978085642,0.002078085642,3981.055265,7041.698732
2026-07-11,7,0.35,0.65,-0.00557979161,-0.00487979161,3958.841806,7007.33671
2026-07-12,0,0.0,1.0,0.0,0.0,3958.841806,7007.33671
2026-07-13,0,0.0,1.0,0.0,0.0,3958.841806,7007.33671
2026-07-14,19,0.95,0.05,0.008644454803,0.010544454803,3993.063835,7081.225255
2026-07-15,0,0.0,1.0,0.0,0.0,3993.063835,7081.225255
2026-07-16,0,0.0,1.0,0.0,0.0,3993.063835,7081.225255
2026-07-17,5,0.25,0.75,-0.001970075421,-0.001470075421,3985.197198,7070.81532
2026-07-18,6,0.3,0.7,-0.000535419831,6.4580169e-05,3983.063445,7071.271954
2026-07-19,1,0.05,0.95,-0.000121052632,-2.1052632e-05,3982.581284,7071.123085
2026-07-20,17,0.85,0.15,0.006659764117,0.008359764117,4009.104336,7130.236006
2026-07-21,4,0.2,0.8,-0.000336598058,6.3401942e-05,4007.754879,7130.688077
2026-07-22,1,0.05,0.95,-0.001691657519,-0.001591657519,4000.975131,7119.338464
2026-07-23,0,0.0,1.0,0.0,0.0,4000.975131,7119.338464
2026-07-24,0,0.0,1.0,0.0,0.0,4000.975131,7119.338464
2026-07-25,17,0.85,0.15,0.003142812394,0.004842812394,4013.549445,7153.816084
2026-07-26,4,0.2,0.8,-0.00269985436,-0.00229985436,4002.713446,7137.363349
2026-07-27,0,0.0,1.0,0.0,0.0,4002.713446,7137.363349
2026-07-28,2,0.1,0.9,0.000489180495,0.000689180495,4004.671495,7142.282281
2026-07-29,3,0.15,0.85,0.004266048287,0.004566048287,4021.755617,7174.894287
2026-07-30,20,1.0,0.0,-0.017251080841,-0.015251080841,3952.375986,7065.469394
2026-07-31,7,0.35,0.65,-0.008252800338,-0.007552800338,3919.757816,7012.105314
2026-08-01,1,0.05,0.95,-0.000297688564,-0.000197688564,3918.590949,7010.719101
2026-08-02,20,1.0,0.0,0.01202825088,0.01402825088,3965.724744,7109.067228
2026-08-03,14,0.7,0.3,-0.002826799929,-0.001426799929,3954.514434,7098.924011
2026-08-04,0,0.0,1.0,0.0,0.0,3954.514434,7098.924011
2026-08-05,9,0.45,0.55,-0.004764070013,-0.003864070013,3935.67485,7071.493272
2026-08-06,2,0.1,0.9,-0.001142908669,-0.000942908669,3931.176733,7064.825499
2026-08-07,1,0.05,0.95,0.000606486834,0.000706486834,3933.56094,7069.816705
2026-08-08,20,1.0,0.0,-0.005096345356,-0.003096345356,3913.514155,7047.926111
2026-08-09,3,0.15,0.85,-0.000741919845,-0.000441919845,3910.610641,7044.811493
2026-08-10,4,0.2,0.8,-0.003298577485,-0.002898577485,3897.711189,7024.391561
2026-08-11,2,0.1,0.9,-0.001708624063,-0.001508624063,3891.051466,7013.794395
2026-08-12,0,0.0,1.0,0.0,0.0,3891.051466,7013.794395
2026-08-13,2,0.1,0.9,-0.001656854641,-0.001456854641,3884.604559,7003.576316
2026-08-14,5,0.25,0.75,0.005324731793,0.005824731793,3905.289037,7044.37027
2026-08-15,5,0.25,0.75,-0.001703177294,-0.001203177294,3898.637637,7035.894643
2026-08-16,1,0.05,0.95,-0.000516483998,-0.000416483998,3896.624053,7032.964306
2026-08-17,7,0.35,0.65,0.000941250545,0.001641250545,3900.291753,7044.507162
2026-08-18,1,0.05,0.95,0.000972961373,0.001072961373,3904.086586,7052.065646
2026-08-19,9,0.45,0.55,0.043243111642,0.044143111642,4072.911438,7363.365767
2026-08-20,20,1.0,0.0,0.082944564961,0.084944564961,4410.737305,7988.843669
2026-08-21,20,1.0,0.0,0.01326483625,0.01526483625,4469.245013,8110.79206
2026-08-22,1,0.05,0.95,0.005052187698,0.005152187698,4491.824478,8152.580383
2026-08-23,14,0.7,0.3,-0.012294369726,-0.010894369726,4436.600327,8063.763158
2026-08-24,0,0.0,1.0,0.0,0.0,4436.600327,8063.763158
2026-08-25,0,0.0,1.0,0.0,0.0,4436.600327,8063.763158
2026-08-26,1,0.05,0.95,0.012923926693,0.013023926693,4493.938625,8168.785018
2026-08-27,20,1.0,0.0,-0.050741215333,-0.048741215333,4265.910717,7770.628508
2026-08-28,0,0.0,1.0,0.0,0.0,4265.910717,7770.628508
2026-08-29,7,0.35,0.65,0.010427057641,0.011127057641,4310.391614,7857.09274
2026-08-30,13,0.65,0.35,-0.01914403359,-0.01784403359,4227.873332,7716.890513
2026-08-31,3,0.15,0.85,0.005435025366,0.005735025366,4250.851931,7761.147076
2026-09-01,5,0.25,0.75,0.001507887059,0.002007887059,4257.261736,7776.730583
2026-09-02,6,0.3,0.7,0.010358604873,0.010958604873,4301.361028,7861.9527
2026-09-03,20,1.0,0.0,-0.037822324984,-0.035822324984,4138.673553,7580.319276
2026-09-04,0,0.0,1.0,0.0,0.0,4138.673553,7580.319276
2026-09-05,20,1.0,0.0,0.021073720687,0.023073720687,4225.890804,7755.225445
2026-09-06,1,0.05,0.95,-0.000293856248,-0.000193856248,4224.648999,7753.722046
2026-09-07,4,0.2,0.8,0.009559279803,0.009959279803,4265.033601,7830.943534
2026-09-08,8,0.4,0.6,-0.008250281055,-0.007450281055,4229.845875,7772.600803
2026-09-09,2,0.1,0.9,-0.002772229383,-0.002572229383,4218.119772,7752.607891
2026-09-10,0,0.0,1.0,0.0,0.0,4218.119772,7752.607891
2026-09-11,0,0.0,1.0,0.0,0.0,4218.119772,7752.607891
2026-09-12,5,0.25,0.75,0.002752289482,0.003252289482,4229.729259,7777.821616
2026-09-13,12,0.6,0.4,0.003307103718,0.004507103718,4243.717412,7812.877065
2026-09-14,20,1.0,0.0,-0.038029042566,-0.036029042566,4082.332902,7531.386585
2026-09-15,0,0.0,1.0,0.0,0.0,4082.332902,7531.386585
2026-09-16,1,0.05,0.95,0.011234144363,0.011334144363,4128.194419,7616.748408
2026-09-17,20,1.0,0.0,0.096670662701,0.098670662701,4527.269709,8368.298021
2026-09-18,20,1.0,0.0,0.03797235625,0.03997235625,4699.180808,8702.79861
2026-09-19,11,0.55,0.45,0.014629793526,0.015729793526,4767.928853,8839.691836
2026-09-20,11,0.55,0.45,0.014694062204,0.015794062204,4837.989096,8979.306478
2026-09-21,5,0.25,0.75,0.003941039587,0.004441039587,4857.055802,9019.183934
2026-09-22,8,0.4,0.6,-0.016040541663,-0.015240541663,4779.145996,8881.726685
2026-09-23,0,0.0,1.0,0.0,0.0,4779.145996,8881.726685
2026-09-24,10,0.5,0.5,0.021753002654,0.022753002654,4883.106772,9083.812636
2026-09-25,7,0.35,0.65,0.010566907397,0.011266907397,4934.706109,9186.159112
2026-09-26,3,0.15,0.85,-0.00212244821,-0.00182244821,4924.232451,9169.417813
2026-09-27,2,0.1,0.9,-0.000576311773,-0.000376311773,4921.394558,9165.967253
2026-09-28,3,0.15,0.85,-0.006695513376,-0.006395513376,4888.443295,9107.346187
2026-09-29,0,0.0,1.0,0.0,0.0,4888.443295,9107.346187
2026-09-30,3,0.15,0.85,-0.007188033964,-0.006888033964,4853.304998,9044.614477
2026-10-01,5,0.25,0.75,0.00347388566,0.00397388566,4870.164825,9080.556741
2026-10-02,1,0.05,0.95,-0.001334534256,-0.001234534256,4863.665423,9069.346482
2026-10-03,10,0.5,0.5,-0.000460480404,0.000539519596,4861.4258,9074.239572
2026-10-04,4,0.2,0.8,0.002346376959,0.002746376959,4872.832538,9099.160855
2026-10-05,4,0.2,0.8,-0.002784208586,-0.002384208586,4859.265556,9077.466557
