dubai_hour,utc_hour,fills,total_return,mean_trade,profit_factor,max_drawdown,win_rate,fit_return,holdout_return,mean_quote_volume_per_min,mean_trades_per_min,amihud_illiquidity_x1e6
0,20,62,0.15322,0.00281494,1.1959,0.166127,0.4677,0.081344,0.066468,19848.57,114.47,0.439617
1,21,64,-0.126356,-0.00160938,0.9022,0.278459,0.3906,-0.0677,-0.062915,19080.47,100.59,0.483248
2,22,64,0.123361,0.00232314,1.1615,0.22589,0.4531,-0.063175,0.199115,19190.52,103.85,0.445918
3,23,61,-0.434647,-0.00888525,0.5438,0.485595,0.2787,-0.373764,-0.097221,17613.9,98.41,0.460506
4,0,60,-0.329936,-0.0062009,0.6599,0.412641,0.3167,-0.257776,-0.097221,19816.8,115.58,0.47965
5,1,58,-0.281656,-0.00522966,0.7044,0.338526,0.3448,-0.127586,-0.176602,19736.85,113.31,0.484429
6,2,61,-0.166651,-0.0024918,0.8519,0.320171,0.377,-0.143257,-0.027306,20461.55,109.98,0.479142
7,3,57,0.058144,0.00150877,1.0995,0.198833,0.4386,-0.053569,0.118035,19875.79,106.25,0.450495
8,4,62,0.216237,0.00367922,1.261,0.254631,0.4677,-0.176602,0.477095,20049.55,107.35,0.469213
9,5,53,-0.088503,-0.00124528,0.9236,0.15781,0.3962,-0.036912,-0.053569,20794.93,113.17,0.45743
10,6,58,-0.091306,-0.00114946,0.9291,0.193331,0.3966,0.048024,-0.132945,23221.93,118.16,0.453506
11,7,56,-0.308423,-0.00610714,0.6667,0.345059,0.3214,-0.027306,-0.289009,24535.2,123.47,0.458154
12,8,52,-0.121872,-0.002,0.8796,0.252603,0.3846,0.074521,-0.182772,24907.24,122.15,0.438089
13,9,57,-0.327096,-0.00647368,0.6496,0.367517,0.3158,-0.088216,-0.261992,24110.2,118.29,0.411338
14,10,53,-0.145581,-0.0024717,0.853,0.267522,0.3774,-0.072169,-0.079122,23348.45,111.71,0.434594
15,11,56,-0.044429,-0.00030357,0.9809,0.247196,0.4107,-0.097221,0.058477,20069.19,128.39,0.47237
16,12,55,0.356977,0.00609091,1.4595,0.140926,0.5091,0.115352,0.216635,23456.84,127.88,0.417566
17,13,53,0.020817,0.00089544,1.0586,0.21538,0.434,0.115352,-0.084759,26471.46,146.08,0.38886
18,14,52,-0.17686,-0.00325,0.8103,0.308206,0.3654,0.074521,-0.233947,31753.92,172.55,0.366896
19,15,55,-0.241751,-0.00454545,0.7428,0.341904,0.3455,-0.010187,-0.233947,33349.24,181.13,0.364296
20,16,51,0.027103,0.00103922,1.0677,0.265529,0.4314,0.045509,-0.017604,31587.87,173.74,0.389508
21,17,58,-0.242682,-0.00431191,0.7524,0.327711,0.3448,-0.001541,-0.241512,27980.74,153.8,0.416019
22,18,60,-0.025272,8.333e-05,1.0053,0.308206,0.4167,0.204621,-0.190843,22718.13,133.17,0.42043
23,19,61,0.228384,0.00390164,1.2755,0.180549,0.4754,0.22877,-0.000314,20964.0,120.94,0.410277
